"operation_date","operation_start_time_est","operation_close_time_est","settlement_date","preliminary_ann_pdf","preliminary_ann_xml","final_ann_pdf","final_ann_xml","results_pdf","results_xml","special_ann_pdf","operation_type","security_type","maturity_bucket","nbr_issues_accepted","total_par_amt_offered","par_amt_per_offer","max_par_amt_redeemed","max_nbr_offers","nbr_issues_eligible","total_par_amt_accepted"
"2026-10-06","01:40 PM","02:00 PM","2026-10-07","BBPA_20261006174000.pdf","BBPA_20261006174000.xml","BBA_20261006174000.pdf","BBA_20261006174000.xml","BBR_20261006174000.pdf","BBR_20261006174000.xml","null","Liquidity Support","Nominal Coupons","2Y to 3Y","12","14763000000.00","1000000.00","4000000000","9","33","1327000000.00"
"2026-10-01","01:40 PM","02:00 PM","2026-10-02","BBPA_20261001174000.pdf","BBPA_20261001174000.xml","BBA_20261001174000.pdf","BBA_20261001174000.xml","BBR_20261001174000.pdf","BBR_20261001174000.xml","null","Liquidity Support","Nominal Coupons","10Y to 20Y","2","46391000000.00","1000000.00","6000000000","9","41","6000000000.00"
"2026-09-29","01:40 PM","02:00 PM","2026-09-30","BBPA_20260929174000.pdf","BBPA_20260929174000.xml","BBA_20260929174000.pdf","BBA_20260929174000.xml","BBR_20260929174000.pdf","BBR_20260929174000.xml","null","Liquidity Support","TIPS","1Y to 10Y","7","3981000000.00","1000000.00","750000000","9","28","605000000.00"
"2026-09-24","01:40 PM","02:00 PM","2026-09-25","BBPA_20260924174000.pdf","BBPA_20260924174000.xml","BBA_20260924174000.pdf","BBA_20260924174000.xml","BBR_20260924174000.pdf","BBR_20260924174000.xml","null","Liquidity Support","Nominal Coupons","20Y to 30Y","12","10468000000.00","1000000.00","6000000000","9","35","4078000000.00"
"2026-09-17","01:40 PM","02:00 PM","2026-09-18","BBPA_20260917174000.pdf","BBPA_20260917174000.xml","BBA_20260917174000.pdf","BBA_20260917174000.xml","BBR_20260917174000.pdf","BBR_20260917174000.xml","null","Liquidity Support","Nominal Coupons","7Y to 10Y","6","9740000000.00","1000000.00","4000000000","9","10","2385000000.00"
"2026-09-15","01:40 PM","02:00 PM","2026-09-16","BBPA_20260915174000.pdf","BBPA_20260915174000.xml","BBA_20260915174000.pdf","BBA_20260915174000.xml","BBR_20260915174000.pdf","BBR_20260915174000.xml","null","Liquidity Support","TIPS","10Y to 30Y","6","2088000000.00","1000000.00","500000000","9","16","500000000.00"
"2026-09-10","01:40 PM","02:00 PM","2026-09-11","BBPA_20260910174000.pdf","BBPA_20260910174000.xml","BBA_20260910174000.pdf","BBA_20260910174000.xml","BBR_20260910174000.pdf","BBR_20260910174000.xml","null","Liquidity Support","Nominal Coupons","10Y to 20Y","23","10489000000.00","1000000.00","6000000000","9","40","5187000000.00"
"2026-09-09","01:40 PM","02:00 PM","2026-09-10","BBPA_20260909174000.pdf","BBPA_20260909174000.xml","BBA_20260909174000.pdf","BBA_20260909174000.xml","BBR_20260909174000.pdf","BBR_20260909174000.xml","null","Cash Management","Nominal Coupons","1Mo to 2Y","27","28027000000.00","1000000.00","12500000000","9","45","12500000000.00"
"2026-09-03","01:40 PM","02:00 PM","2026-09-04","BBPA_20260903174000.pdf","BBPA_20260903174000.xml","BBA_20260903174000.pdf","BBA_20260903174000.xml","BBR_20260903174000.pdf","BBR_20260903174000.xml","null","Cash Management","Nominal Coupons","1Mo to 2Y","24","28272000000.00","1000000.00","12500000000","9","45","12500000000.00"
"2026-08-25","01:40 PM","02:00 PM","2026-08-26","BBPA_20260825174000.pdf","BBPA_20260825174000.xml","BBA_20260825174000.pdf","BBA_20260825174000.xml","BBR_20260825174000.pdf","BBR_20260825174000.xml","null","Liquidity Support","Nominal Coupons","5Y to 7Y","10","8402000000.00","1000000.00","4000000000","9","25","1191000000.00"
"2026-08-20","01:40 PM","02:00 PM","2026-08-21","BBPA_20260820174000.pdf","BBPA_20260820174000.xml","BBA_20260820174000.pdf","BBA_20260820174000.xml","BBR_20260820174000.pdf","BBR_20260820174000.xml","null","Liquidity Support","Nominal Coupons","3Y to 5Y","3","10159000000.00","1000000.00","4000000000","9","48","1860000000.00"
"2026-08-18","01:40 PM","02:00 PM","2026-08-19","BBPA_20260818174000.pdf","BBPA_20260818174000.xml","BBA_20260818174000.pdf","BBA_20260818174000.xml","BBR_20260818174000.pdf","BBR_20260818174000.xml","null","Liquidity Support","Nominal Coupons","20Y to 30Y","3","19868000000.00","1000000.00","2000000000","9","36","2000000000.00"
"2026-08-11","01:40 PM","02:00 PM","2026-08-12","BBPA_20260811174000.pdf","BBPA_20260811174000.xml","BBA_20260811174000.pdf","BBA_20260811174000.xml","BBR_20260811174000.pdf","BBR_20260811174000.xml","null","Liquidity Support","Nominal Coupons","10Y to 20Y","2","7399000000.00","1000000.00","2000000000","9","37","2000000000.00"
"2026-08-06","01:40 PM","02:00 PM","2026-08-07","BBPA_20260806174000.pdf","BBPA_20260806174000.xml","BBA_20260806174000.pdf","BBA_20260806174000.xml","BBR_20260806174000.pdf","BBR_20260806174000.xml","null","Liquidity Support","Nominal Coupons","1Mo to 2Y","15","35786000000.00","1000000.00","4000000000","9","61","4000000000.00"
"2026-07-28","01:40 PM","02:00 PM","2026-07-29","BBPA_20260728174000.pdf","BBPA_20260728174000.xml","BBA_20260728174000.pdf","BBA_20260728174000.xml","BBR_20260728174000.pdf","BBR_20260728174000.xml","null","Liquidity Support","Nominal Coupons","20Y to 30Y","3","21935000000.00","1000000.00","2000000000","9","35","2000000000.00"
"2026-07-23","01:40 PM","02:00 PM","2026-07-24","BBPA_20260723174000.pdf","BBPA_20260723174000.xml","BBA_20260723174000.pdf","BBA_20260723174000.xml","BBR_20260723174000.pdf","BBR_20260723174000.xml","null","Liquidity Support","Nominal Coupons","10Y to 20Y","2","16304000000.00","1000000.00","2000000000","9","38","2000000000.00"
"2026-07-22","01:40 PM","02:00 PM","2026-07-23","BBPA_20260722174000.pdf","BBPA_20260722174000.xml","BBA_20260722174000.pdf","BBA_20260722174000.xml","BBR_20260722174000.pdf","BBR_20260722174000.xml","null","Liquidity Support","TIPS","1Y to 10Y","6","3194000000.00","1000000.00","750000000","9","27","405000000.00"
"2026-07-16","01:40 PM","02:00 PM","2026-07-17","BBPA_20260716174000.pdf","BBPA_20260716174000.xml","BBA_20260716174000.pdf","BBA_20260716174000.xml","BBR_20260716174000.pdf","BBR_20260716174000.xml","null","Liquidity Support","Nominal Coupons","20Y to 30Y","3","30542000000.00","1000000.00","2000000000","9","36","2000000000.00"
"2026-07-09","01:40 PM","02:00 PM","2026-07-10","BBPA_20260709174000.pdf","BBPA_20260709174000.xml","BBA_20260709174000.pdf","BBA_20260709174000.xml","BBR_20260709174000.pdf","BBR_20260709174000.xml","null","Liquidity Support","Nominal Coupons","2Y to 3Y","11","12464000000.00","1000000.00","4000000000","9","32","2295000000.00"
"2026-07-01","01:40 PM","02:00 PM","2026-07-02","BBPA_20260701174000.pdf","BBPA_20260701174000.xml","BBA_20260701174000.pdf","BBA_20260701174000.xml","BBR_20260701174000.pdf","BBR_20260701174000.xml","null","Liquidity Support","Nominal Coupons","10Y to 20Y","2","15724000000.00","1000000.00","2000000000","9","38","2000000000.00"
"2026-06-25","01:40 PM","02:00 PM","2026-06-26","BBPA_20260625174000.pdf","BBPA_20260625174000.xml","BBA_20260625174000.pdf","BBA_20260625174000.xml","BBR_20260625174000.pdf","BBR_20260625174000.xml","null","Liquidity Support","Nominal Coupons","20Y to 30Y","3","21320000000.00","1000000.00","2000000000","9","35","2000000000.00"
"2026-06-24","01:40 PM","02:00 PM","2026-06-25","BBPA_20260624174000.pdf","BBPA_20260624174000.xml","BBA_20260624174000.pdf","BBA_20260624174000.xml","BBR_20260624174000.pdf","BBR_20260624174000.xml","null","Liquidity Support","TIPS","1Y to 10Y","6","4545000000.00","1000000.00","750000000","9","28","750000000.00"
"2026-06-16","01:40 PM","02:00 PM","2026-06-17","BBPA_20260616174000.pdf","BBPA_20260616174000.xml","BBA_20260616174000.pdf","BBA_20260616174000.xml","BBR_20260616174000.pdf","BBR_20260616174000.xml","null","Liquidity Support","Nominal Coupons","7Y to 10Y","2","5068000000.00","1000000.00","4000000000","9","10","570000000.00"
"2026-06-11","01:40 PM","02:00 PM","2026-06-12","BBPA_20260611174000.pdf","BBPA_20260611174000.xml","BBA_20260611174000.pdf","BBA_20260611174000.xml","BBR_20260611174000.pdf","BBR_20260611174000.xml","null","Cash Management","Nominal Coupons","1Mo to 2Y","18","27896000000.00","1000000.00","12500000000","9","50","12078000000.00"
"2026-06-09","01:40 PM","02:00 PM","2026-06-10","BBPA_20260609174000.pdf","BBPA_20260609174000.xml","BBA_20260609174000.pdf","BBA_20260609174000.xml","BBR_20260609174000.pdf","BBR_20260609174000.xml","null","Liquidity Support","Nominal Coupons","10Y to 20Y","4","18390000000.00","1000000.00","2000000000","9","37","2000000000.00"
"2026-06-04","01:40 PM","02:00 PM","2026-06-05","BBPA_20260604174000.pdf","BBPA_20260604174000.xml","BBA_20260604174000.pdf","BBA_20260604174000.xml","BBR_20260604174000.pdf","BBR_20260604174000.xml","null","Cash Management","Nominal Coupons","1Mo to 2Y","21","41662000000.00","1000000.00","12500000000","9","49","12500000000.00"
"2026-06-03","01:40 PM","02:00 PM","2026-06-04","BBPA_20260603174000.pdf","BBPA_20260603174000.xml","BBA_20260603174000.pdf","BBA_20260603174000.xml","BBR_20260603174000.pdf","BBR_20260603174000.xml","null","Liquidity Support","Nominal Coupons","20Y to 30Y","14","21260000000.00","1000000.00","2000000000","9","36","2000000000.00"
"2026-05-28","01:40 PM","02:00 PM","2026-05-29","BBPA_20260528174000.pdf","BBPA_20260528174000.xml","BBA_20260528174000.pdf","BBA_20260528174000.xml","BBR_20260528174000.pdf","BBR_20260528174000.xml","null","Liquidity Support","TIPS","10Y to 30Y","5","784000000.00","1000000.00","500000000","9","16","91000000.00"
"2026-05-21","01:40 PM","02:00 PM","2026-05-22","BBPA_20260521174000.pdf","BBPA_20260521174000.xml","BBA_20260521174000.pdf","BBA_20260521174000.xml","BBR_20260521174000.pdf","BBR_20260521174000.xml","null","Liquidity Support","Nominal Coupons","5Y to 7Y","1","3751000000.00","1000000.00","4000000000","9","26","300000000.00"
"2026-05-19","01:40 PM","02:00 PM","2026-05-20","BBPA_20260519174000.pdf","BBPA_20260519174000.xml","BBA_20260519174000.pdf","BBA_20260519174000.xml","BBR_20260519174000.pdf","BBR_20260519174000.xml","null","Liquidity Support","Nominal Coupons","3Y to 5Y","8","9191000000.00","1000000.00","4000000000","9","48","1674000000.00"
"2026-05-13","01:40 PM","02:00 PM","2026-05-14","BBPA_20260513174000.pdf","BBPA_20260513174000.xml","BBA_20260513174000.pdf","BBA_20260513174000.xml","BBR_20260513174000.pdf","BBR_20260513174000.xml","null","Liquidity Support","TIPS","1Y to 10Y","8","2339000000.00","1000000.00","750000000","9","28","735000000.00"
"2026-05-07","01:40 PM","02:00 PM","2026-05-08","BBPA_20260507174000.pdf","BBPA_20260507174000.xml","BBA_20260507174000.pdf","BBA_20260507174000.xml","BBR_20260507174000.pdf","BBR_20260507174000.xml","null","Liquidity Support","Nominal Coupons","1Mo to 2Y","14","43878000000.00","1000000.00","4000000000","9","61","4000000000.00"
"2026-05-06","01:40 PM","02:00 PM","2026-05-07","BBPA_20260506174000.pdf","BBPA_20260506174000.xml","BBA_20260506174000.pdf","BBA_20260506174000.xml","BBR_20260506174000.pdf","BBR_20260506174000.xml","null","Liquidity Support","Nominal Coupons","10Y to 20Y","2","19689000000.00","1000000.00","2000000000","9","36","2000000000.00"
"2026-04-28","01:40 PM","02:00 PM","2026-04-29","BBPA_20260428174000.pdf","BBPA_20260428174000.xml","BBA_20260428174000.pdf","BBA_20260428174000.xml","BBR_20260428174000.pdf","BBR_20260428174000.xml","null","Liquidity Support","Nominal Coupons","20Y to 30Y","6","35562000000.00","1000000.00","2000000000","9","35","2000000000.00"
"2026-04-23","01:40 PM","02:05 PM","2026-04-24","BBPA_20260423174000.pdf","BBPA_20260423174000.xml","BBA_20260423174000.pdf","BBA_20260423174000.xml","BBR_20260423174000.pdf","BBR_20260423174000.xml","null","Liquidity Support","Nominal Coupons","2Y to 3Y","2","4747000000.00","1000000.00","4000000000","9","32","358000000.00"
"2026-04-22","01:40 PM","02:00 PM","2026-04-23","BBPA_20260422174000.pdf","BBPA_20260422174000.xml","BBA_20260422174000.pdf","BBA_20260422174000.xml","BBR_20260422174000.pdf","BBR_20260422174000.xml","null","Cash Management","Nominal Coupons","1Mo to 2Y","26","37841000000.00","1000000.00","15000000000","9","49","15000000000.00"
"2026-04-16","01:40 PM","02:00 PM","2026-04-17","BBPA_20260416174000.pdf","BBPA_20260416174000.xml","BBA_20260416174000.pdf","BBA_20260416174000.xml","BBR_20260416174000.pdf","BBR_20260416174000.xml","null","Cash Management","Nominal Coupons","1Mo to 2Y","18","40033000000.00","1000000.00","15000000000","9","46","15000000000.00"
"2026-04-15","01:40 PM","02:00 PM","2026-04-16","BBPA_20260415174000.pdf","BBPA_20260415174000.xml","BBA_20260415174000.pdf","BBA_20260415174000.xml","BBR_20260415174000.pdf","BBR_20260415174000.xml","null","Liquidity Support","Nominal Coupons","10Y to 20Y","2","18055000000.00","1000000.00","2000000000","9","37","2000000000.00"
"2026-04-09","01:40 PM","02:00 PM","2026-04-10","BBPA_20260409174000.pdf","BBPA_20260409174000.xml","BBA_20260409174000.pdf","BBA_20260409174000.xml","BBR_20260409174000.pdf","BBR_20260409174000.xml","null","Liquidity Support","Nominal Coupons","20Y to 30Y","3","36472000000.00","1000000.00","2000000000","9","35","2000000000.00"
"2026-04-01","01:40 PM","02:00 PM","2026-04-02","BBPA_20260401174000.pdf","BBPA_20260401174000.xml","BBA_20260401174000.pdf","BBA_20260401174000.xml","BBR_20260401174000.pdf","BBR_20260401174000.xml","null","Cash Management","Nominal Coupons","1Mo to 2Y","20","43113000000.00","1000000.00","15000000000","9","53","15000000000.00"
"2026-03-26","01:40 PM","02:00 PM","2026-03-27","BBPA_20260326174000.pdf","BBPA_20260326174000.xml","BBA_20260326174000.pdf","BBA_20260326174000.xml","BBR_20260326174000.pdf","BBR_20260326174000.xml","null","Liquidity Support","Nominal Coupons","10Y to 20Y","5","36047000000.00","1000000.00","2000000000","9","36","2000000000.00"
"2026-03-25","01:40 PM","02:00 PM","2026-03-26","BBPA_20260325174000.pdf","BBPA_20260325174000.xml","BBA_20260325174000.pdf","BBA_20260325174000.xml","BBR_20260325174000.pdf","BBR_20260325174000.xml","null","Liquidity Support","TIPS","10Y to 30Y","7","757000000.00","1000000.00","500000000","9","16","110000000.00"
"2026-03-19","01:40 PM","02:00 PM","2026-03-20","BBPA_20260319174000.pdf","BBPA_20260319174000.xml","BBA_20260319174000.pdf","BBA_20260319174000.xml","BBR_20260319174000.pdf","BBR_20260319174000.xml","null","Liquidity Support","Nominal Coupons","20Y to 30Y","5","36003000000.00","1000000.00","2000000000","9","35","205000000.00"
"2026-03-17","01:40 PM","02:00 PM","2026-03-18","BBPA_20260317174000.pdf","BBPA_20260317174000.xml","BBA_20260317174000.pdf","BBA_20260317174000.xml","BBR_20260317174000.pdf","BBR_20260317174000.xml","null","Cash Management","Nominal Coupons","1Mo to 2Y","21","33518000000.00","1000000.00","15000000000","9","47","15000000000.00"
"2026-03-12","01:40 PM","02:00 PM","2026-03-13","BBPA_20260312174000.pdf","BBPA_20260312174000.xml","BBA_20260312174000.pdf","BBA_20260312174000.xml","BBR_20260312174000.pdf","BBR_20260312174000.xml","null","Liquidity Support","Nominal Coupons","7Y to 10Y","3","3394000000.00","1000000.00","4000000000","9","10","55000000.00"
"2026-03-10","01:40 PM","02:00 PM","2026-03-11","BBPA_20260310174000.pdf","BBPA_20260310174000.xml","BBA_20260310174000.pdf","BBA_20260310174000.xml","BBR_20260310174000.pdf","BBR_20260310174000.xml","null","Cash Management","Nominal Coupons","1Mo to 2Y","24","40989000000.00","1000000.00","15000000000","9","52","14697000000.00"
"2026-03-05","01:40 PM","02:00 PM","2026-03-06","BBPA_20260305184000.pdf","BBPA_20260305184000.xml","BBA_20260305184000.pdf","BBA_20260305184000.xml","BBR_20260305184000.pdf","BBR_20260305184000.xml","null","Liquidity Support","Nominal Coupons","10Y to 20Y","2","17844000000.00","1000000.00","2000000000","9","37","2000000000.00"
"2026-03-04","01:40 PM","02:00 PM","2026-03-05","BBPA_20260304184000.pdf","BBPA_20260304184000.xml","BBA_20260304184000.pdf","BBA_20260304184000.xml","BBR_20260304184000.pdf","BBR_20260304184000.xml","null","Liquidity Support","Nominal Coupons","3Y to 5Y","12","10405000000.00","1000000.00","4000000000","9","48","2463000000.00"
"2026-03-02","01:40 PM","02:00 PM","2026-03-03","BBPA_20260302184000.pdf","BBPA_20260302184000.xml","BBA_20260302184000.pdf","BBA_20260302184000.xml","BBR_20260302184000.pdf","BBR_20260302184000.xml","BBSPL_20260302184000.pdf","Liquidity Support","Nominal Coupons","1Mo to 2Y","16","86000000.00","1000000.00","30000000","3","76","30000000.00"
"2026-02-25","01:40 PM","02:00 PM","2026-02-26","BBPA_20260225184000.pdf","BBPA_20260225184000.xml","BBA_20260225184000.pdf","BBA_20260225184000.xml","BBR_20260225184000.pdf","BBR_20260225184000.xml","null","Liquidity Support","TIPS","1Y to 10Y","12","2291000000.00","1000000.00","750000000","9","28","745000000.00"
"2026-02-24","01:40 PM","02:00 PM","2026-02-25","BBPA_20260224184000.pdf","BBPA_20260224184000.xml","BBA_20260224184000.pdf","BBA_20260224184000.xml","BBR_20260224184000.pdf","BBR_20260224184000.xml","null","Liquidity Support","Nominal Coupons","20Y to 30Y","2","24964000000.00","1000000.00","2000000000","9","35","2000000000.00"
"2026-02-19","01:40 PM","02:00 PM","2026-02-20","BBPA_20260219184000.pdf","BBPA_20260219184000.xml","BBA_20260219184000.pdf","BBA_20260219184000.xml","BBR_20260219184000.pdf","BBR_20260219184000.xml","null","Liquidity Support","Nominal Coupons","5Y to 7Y","13","6807000000.00","1000000.00","4000000000","9","25","1560000000.00"
"2026-02-10","01:40 PM","02:00 PM","2026-02-11","BBPA_20260210184000.pdf","BBPA_20260210184000.xml","BBA_20260210184000.pdf","BBA_20260210184000.xml","BBR_20260210184000.pdf","BBR_20260210184000.xml","null","Liquidity Support","Nominal Coupons","10Y to 20Y","2","20854000000.00","1000000.00","2000000000","9","34","2000000000.00"
"2026-02-05","01:40 PM","02:00 PM","2026-02-06","BBPA_20260205184000.pdf","BBPA_20260205184000.xml","BBA_20260205184000.pdf","BBA_20260205184000.xml","BBR_20260205184000.pdf","BBR_20260205184000.xml","null","Liquidity Support","Nominal Coupons","20Y to 30Y","6","25535000000.00","1000000.00","2000000000","9","35","2000000000.00"
"2026-02-04","01:40 PM","02:00 PM","2026-02-05","BBPA_20260204184000.pdf","BBPA_20260204184000.xml","BBA_20260204184000.pdf","BBA_20260204184000.xml","BBR_20260204184000.pdf","BBR_20260204184000.xml","null","Liquidity Support","Nominal Coupons","1Mo to 2Y","11","69000000000.00","1000000.00","4000000000","9","74","4000000000.00"
"2026-01-27","01:40 PM","02:00 PM","2026-01-28","BBPA_20260127184000.pdf","BBPA_20260127184000.xml","BBA_20260127184000.pdf","BBA_20260127184000.xml","BBR_20260127184000.pdf","BBR_20260127184000.xml","null","Liquidity Support","TIPS","1Y to 10Y","9","3316000000.00","1000000.00","750000000","9","27","735000000.00"
"2026-01-22","01:40 PM","02:00 PM","2026-01-23","BBPA_20260122184000.pdf","BBPA_20260122184000.xml","BBA_20260122184000.pdf","BBA_20260122184000.xml","BBR_20260122184000.pdf","BBR_20260122184000.xml","null","Liquidity Support","Nominal Coupons","10Y to 20Y","2","22891000000.00","1000000.00","2000000000","9","35","2000000000.00"
"2026-01-21","01:40 PM","02:00 PM","2026-01-22","BBPA_20260121184000.pdf","BBPA_20260121184000.xml","BBA_20260121184000.pdf","BBA_20260121184000.xml","BBR_20260121184000.pdf","BBR_20260121184000.xml","null","Liquidity Support","Nominal Coupons","2Y to 3Y","14","8747000000.00","1000000.00","4000000000","9","34","2786000000.00"
"2026-01-16","10:40 AM","11:00 AM","2026-01-20","BBPA_20260115184000.pdf","BBPA_20260115184000.xml","BBA_20260116154000.pdf","BBA_20260116154000.xml","BBR_20260116154000.pdf","BBR_20260116154000.xml","BBSPL_20260116154000.pdf","Liquidity Support","Nominal Coupons","7Y to 10Y","2","5938000000.00","1000000.00","4000000000","9","10","210000000.00"
"2026-01-14","01:40 PM","02:00 PM","2026-01-15","BBPA_20260114184000.pdf","BBPA_20260114184000.xml","BBA_20260114184000.pdf","BBA_20260114184000.xml","BBR_20260114184000.pdf","BBR_20260114184000.xml","null","Liquidity Support","Nominal Coupons","20Y to 30Y","5","25101000000.00","1000000.00","2000000000","9","35","2000000000.00"
"2026-01-08","01:40 PM","02:00 PM","2026-01-09","BBPA_20260108184000.pdf","BBPA_20260108184000.xml","BBA_20260108184000.pdf","BBA_20260108184000.xml","BBR_20260108184000.pdf","BBR_20260108184000.xml","null","Liquidity Support","Nominal Coupons","10Y to 20Y","1","28645000000.00","1000000.00","2000000000","9","35","2000000000.00"
"2025-12-23","01:40 PM","02:00 PM","2025-12-24","BBPA_20251223184000.pdf","BBPA_20251223184000.xml","BBA_20251223184000.pdf","BBA_20251223184000.xml","BBR_20251223184000.pdf","BBR_20251223184000.xml","null","Liquidity Support","TIPS","10Y to 30Y","4","1190000000.00","1000000.00","500000000","9","15","108000000.00"
"2025-12-18","01:40 PM","02:00 PM","2025-12-19","BBPA_20251218184000.pdf","BBPA_20251218184000.xml","BBA_20251218184000.pdf","BBA_20251218184000.xml","BBR_20251218184000.pdf","BBR_20251218184000.xml","null","Liquidity Support","Nominal Coupons","20Y to 30Y","4","24629000000.00","1000000.00","2000000000","9","35","2000000000.00"
"2025-12-17","01:40 PM","02:00 PM","2025-12-18","BBPA_20251217184000.pdf","BBPA_20251217184000.xml","BBA_20251217184000.pdf","BBA_20251217184000.xml","BBR_20251217184000.pdf","BBR_20251217184000.xml","null","Liquidity Support","Nominal Coupons","3Y to 5Y","16","11941000000.00","1000000.00","4000000000","9","48","3714000000.00"
"2025-12-11","01:40 PM","02:00 PM","2025-12-12","BBPA_20251211184000.pdf","BBPA_20251211184000.xml","BBA_20251211184000.pdf","BBA_20251211184000.xml","BBR_20251211184000.pdf","BBR_20251211184000.xml","null","Cash Management","Nominal Coupons","1Mo to 2Y","16","33621000000.00","1000000.00","12500000000","9","48","12500000000.00"
"2025-12-04","01:40 PM","02:00 PM","2025-12-05","BBPA_20251204184000.pdf","BBPA_20251204184000.xml","BBA_20251204184000.pdf","BBA_20251204184000.xml","BBR_20251204184000.pdf","BBR_20251204184000.xml","null","Liquidity Support","Nominal Coupons","10Y to 20Y","2","28411000000.00","1000000.00","2000000000","9","34","2000000000.00"
"2025-12-03","01:40 PM","02:00 PM","2025-12-04","BBPA_20251203184000.pdf","BBPA_20251203184000.xml","BBA_20251203184000.pdf","BBA_20251203184000.xml","BBR_20251203184000.pdf","BBR_20251203184000.xml","null","Cash Management","Nominal Coupons","1Mo to 2Y","23","34608000000.00","1000000.00","12500000000","9","46","12500000000.00"
"2025-11-25","01:40 PM","02:00 PM","2025-11-26","BBPA_20251125184000.pdf","BBPA_20251125184000.xml","BBA_20251125184000.pdf","BBA_20251125184000.xml","BBR_20251125184000.pdf","BBR_20251125184000.xml","null","Liquidity Support","TIPS","1Y to 10Y","8","4947000000.00","1000000.00","750000000","9","29","750000000.00"
"2025-11-20","01:40 PM","02:00 PM","2025-11-21","BBPA_20251120184000.pdf","BBPA_20251120184000.xml","BBA_20251120184000.pdf","BBA_20251120184000.xml","BBR_20251120184000.pdf","BBR_20251120184000.xml","null","Liquidity Support","Nominal Coupons","20Y to 30Y","10","25436000000.00","1000000.00","2000000000","9","35","785000000.00"
"2025-11-18","01:40 PM","02:00 PM","2025-11-19","BBPA_20251118184000.pdf","BBPA_20251118184000.xml","BBA_20251118184000.pdf","BBA_20251118184000.xml","BBR_20251118184000.pdf","BBR_20251118184000.xml","null","Liquidity Support","Nominal Coupons","5Y to 7Y","10","8437000000.00","1000000.00","4000000000","9","26","3387000000.00"
"2025-11-12","01:40 PM","02:00 PM","2025-11-13","BBPA_20251112184000.pdf","BBPA_20251112184000.xml","BBA_20251112184000.pdf","BBA_20251112184000.xml","BBR_20251112184000.pdf","BBR_20251112184000.xml","null","Liquidity Support","TIPS","10Y to 30Y","5","1392000000.00","1000000.00","500000000","9","15","142000000.00"
"2025-11-05","01:40 PM","02:00 PM","2025-11-06","BBPA_20251105184000.pdf","BBPA_20251105184000.xml","BBA_20251105184000.pdf","BBA_20251105184000.xml","BBR_20251105184000.pdf","BBR_20251105184000.xml","null","Liquidity Support","Nominal Coupons","10Y to 20Y","3","24090000000.00","1000000.00","2000000000","9","33","2000000000.00"
"2025-10-28","01:40 PM","02:00 PM","2025-10-29","BBPA_20251028174000.pdf","BBPA_20251028174000.xml","BBA_20251028174000.pdf","BBA_20251028174000.xml","BBR_20251028174000.pdf","BBR_20251028174000.xml","null","Liquidity Support","Nominal Coupons","20Y to 30Y","8","25417000000.00","1000000.00","2000000000","9","34","2000000000.00"
"2025-10-22","01:40 PM","02:00 PM","2025-10-23","BBPA_20251022174000.pdf","BBPA_20251022174000.xml","BBA_20251022174000.pdf","BBA_20251022174000.xml","BBR_20251022174000.pdf","BBR_20251022174000.xml","null","Liquidity Support","Nominal Coupons","2Y to 3Y","7","8601000000.00","1000000.00","4000000000","9","34","1902000000.00"
"2025-10-16","01:40 PM","02:00 PM","2025-10-17","BBPA_20251016174000.pdf","BBPA_20251016174000.xml","BBA_20251016174000.pdf","BBA_20251016174000.xml","BBR_20251016174000.pdf","BBR_20251016174000.xml","null","Liquidity Support","Nominal Coupons","7Y to 10Y","2","10437000000.00","1000000.00","4000000000","9","10","192000000.00"
"2025-10-07","01:40 PM","02:00 PM","2025-10-08","BBPA_20251007174000.pdf","BBPA_20251007174000.xml","BBA_20251007174000.pdf","BBA_20251007174000.xml","BBR_20251007174000.pdf","BBR_20251007174000.xml","null","Liquidity Support","Nominal Coupons","10Y to 20Y","2","29965000000.00","1000000.00","2000000000","9","32","2000000000.00"
"2025-10-02","01:40 PM","02:00 PM","2025-10-03","BBPA_20251002174000.pdf","BBPA_20251002174000.xml","BBA_20251002174000.pdf","BBA_20251002174000.xml","BBR_20251002174000.pdf","BBR_20251002174000.xml","null","Liquidity Support","Nominal Coupons","20Y to 30Y","3","21666000000.00","1000000.00","2000000000","9","34","2000000000.00"
"2025-10-01","01:40 PM","02:00 PM","2025-10-02","BBPA_20251001174000.pdf","BBPA_20251001174000.xml","BBA_20251001174000.pdf","BBA_20251001174000.xml","BBR_20251001174000.pdf","BBR_20251001174000.xml","null","Liquidity Support","Nominal Coupons","3Y to 5Y","16","11798000000.00","1000000.00","4000000000","9","48","2898000000.00"
"2025-09-24","01:40 PM","02:00 PM","2025-09-25","BBPA_20250924174000.pdf","BBPA_20250924174000.xml","BBA_20250924174000.pdf","BBA_20250924174000.xml","BBR_20250924174000.pdf","BBR_20250924174000.xml","null","Liquidity Support","TIPS","1Y to 10Y","4","5775000000.00","1000000.00","750000000","9","29","750000000.00"
"2025-09-18","01:40 PM","02:00 PM","2025-09-19","BBPA_20250918174000.pdf","BBPA_20250918174000.xml","BBA_20250918174000.pdf","BBA_20250918174000.xml","BBR_20250918174000.pdf","BBR_20250918174000.xml","null","Liquidity Support","Nominal Coupons","10Y to 20Y","1","23977000000.00","1000000.00","2000000000","9","32","2000000000.00"
"2025-09-10","01:40 PM","02:00 PM","2025-09-11","BBPA_20250910174000.pdf","BBPA_20250910174000.xml","BBA_20250910174000.pdf","BBA_20250910174000.xml","BBR_20250910174000.pdf","BBR_20250910174000.xml","null","Liquidity Support","Nominal Coupons","20Y to 30Y","6","20882000000.00","1000000.00","2000000000","9","36","2000000000.00"
"2025-09-03","01:40 PM","02:00 PM","2025-09-04","BBPA_20250903174000.pdf","BBPA_20250903174000.xml","BBA_20250903174000.pdf","BBA_20250903174000.xml","BBR_20250903174000.pdf","BBR_20250903174000.xml","null","Liquidity Support","Nominal Coupons","10Y to 20Y","2","23015000000.00","1000000.00","2000000000","9","31","2000000000.00"
"2025-08-26","01:40 PM","02:00 PM","2025-08-27","BBPA_20250826174000.pdf","BBPA_20250826174000.xml","BBA_20250826174000.pdf","BBA_20250826174000.xml","BBR_20250826174000.pdf","BBR_20250826174000.xml","null","Liquidity Support","Nominal Coupons","5Y to 7Y","5","6672000000.00","1000000.00","4000000000","9","26","1399000000.00"
"2025-08-21","01:40 PM","02:00 PM","2025-08-22","BBPA_20250821174000.pdf","BBPA_20250821174000.xml","BBA_20250821174000.pdf","BBA_20250821174000.xml","BBR_20250821174000.pdf","BBR_20250821174000.xml","null","Liquidity Support","Nominal Coupons","20Y to 30Y","3","19447000000.00","1000000.00","2000000000","9","36","2000000000.00"
"2025-08-19","01:40 PM","02:00 PM","2025-08-20","BBPA_20250819174000.pdf","BBPA_20250819174000.xml","BBA_20250819174000.pdf","BBA_20250819174000.xml","BBR_20250819174000.pdf","BBR_20250819174000.xml","null","Liquidity Support","Nominal Coupons","1Mo to 2Y","12","28704000000.00","1000000.00","4000000000","9","60","4000000000.00"
"2025-08-13","01:40 PM","02:00 PM","2025-08-14","BBPA_20250813174000.pdf","BBPA_20250813174000.xml","BBA_20250813174000.pdf","BBA_20250813174000.xml","BBR_20250813174000.pdf","BBR_20250813174000.xml","null","Liquidity Support","TIPS","1Y to 10Y","8","6512000000.00","1000000.00","750000000","9","29","750000000.00"
"2025-08-06","01:40 PM","02:00 PM","2025-08-07","BBPA_20250806174000.pdf","BBPA_20250806174000.xml","BBA_20250806174000.pdf","BBA_20250806174000.xml","BBR_20250806174000.pdf","BBR_20250806174000.xml","null","Liquidity Support","TIPS","7.5Y to 30Y","6","1629000000.00","1000000.00","500000000","9","19","500000000.00"
"2025-07-31","01:40 PM","02:00 PM","2025-08-01","BBPA_20250731174000.pdf","BBPA_20250731174000.xml","BBA_20250731174000.pdf","BBA_20250731174000.xml","BBR_20250731174000.pdf","BBR_20250731174000.xml","null","Liquidity Support","Nominal Coupons","10Y to 20Y","2","19677000000.00","1000000.00","2000000000","9","29","2000000000.00"
"2025-07-23","01:40 PM","02:00 PM","2025-07-24","BBPA_20250723174000.pdf","BBPA_20250723174000.xml","BBA_20250723174000.pdf","BBA_20250723174000.xml","BBR_20250723174000.pdf","BBR_20250723174000.xml","null","Liquidity Support","Nominal Coupons","3Y to 5Y","15","14791000000.00","1000000.00","4000000000","9","49","4000000000.00"
"2025-07-16","01:40 PM","02:00 PM","2025-07-17","BBPA_20250716174000.pdf","BBPA_20250716174000.xml","BBA_20250716174000.pdf","BBA_20250716174000.xml","BBR_20250716174000.pdf","BBR_20250716174000.xml","null","Liquidity Support","TIPS","1Y to 7.5Y","6","2526000000.00","1000000.00","500000000","9","25","500000000.00"
"2025-07-10","01:40 PM","02:00 PM","2025-07-11","BBPA_20250710174000.pdf","BBPA_20250710174000.xml","BBA_20250710174000.pdf","BBA_20250710174000.xml","BBR_20250710174000.pdf","BBR_20250710174000.xml","null","Liquidity Support","Nominal Coupons","5Y to 7Y","11","3924000000.00","1000000.00","4000000000","9","26","1250000000.00"
"2025-07-02","01:40 PM","02:00 PM","2025-07-03","BBPA_20250702174000.pdf","BBPA_20250702174000.xml","BBA_20250702174000.pdf","BBA_20250702174000.xml","BBR_20250702174000.pdf","BBR_20250702174000.xml","null","Liquidity Support","Nominal Coupons","20Y to 30Y","10","18738000000.00","1000000.00","2000000000","9","36","2000000000.00"
"2025-06-25","01:40 PM","02:00 PM","2025-06-26","BBPA_20250625174000.pdf","BBPA_20250625174000.xml","BBA_20250625174000.pdf","BBA_20250625174000.xml","BBR_20250625174000.pdf","BBR_20250625174000.xml","null","Liquidity Support","TIPS","7.5Y to 30Y","8","2005000000.00","1000000.00","500000000","9","19","500000000.00"
"2025-06-17","01:40 PM","02:00 PM","2025-06-18","BBPA_20250617174000.pdf","BBPA_20250617174000.xml","BBA_20250617174000.pdf","BBA_20250617174000.xml","BBR_20250617174000.pdf","BBR_20250617174000.xml","null","Liquidity Support","Nominal Coupons","7Y to 10Y","4","3964000000.00","1000000.00","4000000000","9","10","1066000000.00"
"2025-06-12","01:40 PM","02:00 PM","2025-06-13","BBPA_20250612174000.pdf","BBPA_20250612174000.xml","BBA_20250612174000.pdf","BBA_20250612174000.xml","BBR_20250612174000.pdf","BBR_20250612174000.xml","null","Liquidity Support","Nominal Coupons","2Y to 3Y","12","7475000000.00","1000000.00","4000000000","9","32","1546000000.00"
"2025-06-10","01:40 PM","02:00 PM","2025-06-11","BBPA_20250610174000.pdf","BBPA_20250610174000.xml","BBA_20250610174000.pdf","BBA_20250610174000.xml","BBR_20250610174000.pdf","BBR_20250610174000.xml","null","Cash Management","Nominal Coupons","1Mo to 2Y","18","18108000000.00","1000000.00","10000000000","9","40","10000000000.00"
"2025-06-04","01:40 PM","02:00 PM","2025-06-05","BBPA_20250604174000.pdf","BBPA_20250604174000.xml","BBA_20250604174000.pdf","BBA_20250604174000.xml","BBR_20250604174000.pdf","BBR_20250604174000.xml","null","Liquidity Support","Nominal Coupons","10Y to 20Y","1","22738000000.00","1000000.00","2000000000","9","31","2000000000.00"
"2025-06-03","01:40 PM","02:00 PM","2025-06-04","BBPA_20250603174000.pdf","BBPA_20250603174000.xml","BBA_20250603174000.pdf","BBA_20250603174000.xml","BBR_20250603174000.pdf","BBR_20250603174000.xml","null","Cash Management","Nominal Coupons","1Mo to 2Y","22","22870000000.00","1000000.00","10000000000","9","40","10000000000.00"
"2025-05-29","01:40 PM","02:00 PM","2025-05-30","BBPA_20250529174000.pdf","BBPA_20250529174000.xml","BBA_20250529174000.pdf","BBA_20250529174000.xml","BBR_20250529174000.pdf","BBR_20250529174000.xml","null","Liquidity Support","Nominal Coupons","20Y to 30Y","3","17869000000.00","1000000.00","2000000000","9","35","2000000000.00"
"2025-05-21","01:40 PM","02:00 PM","2025-05-22","BBPA_20250521174000.pdf","BBPA_20250521174000.xml","BBA_20250521174000.pdf","BBA_20250521174000.xml","BBR_20250521174000.pdf","BBR_20250521174000.xml","null","Liquidity Support","TIPS","1Y to 7.5Y","9","2885000000.00","1000000.00","500000000","9","25","500000000.00"
"2025-05-15","01:40 PM","02:00 PM","2025-05-16","BBPA_20250515174000.pdf","BBPA_20250515174000.xml","BBA_20250515174000.pdf","BBA_20250515174000.xml","BBR_20250515174000.pdf","BBR_20250515174000.xml","null","Liquidity Support","Nominal Coupons","1Mo to 2Y","6","30022000000.00","1000000.00","4000000000","9","60","4000000000.00"
"2025-05-06","01:40 PM","02:00 PM","2025-05-07","BBPA_20250506174000.pdf","BBPA_20250506174000.xml","BBA_20250506174000.pdf","BBA_20250506174000.xml","BBR_20250506174000.pdf","BBR_20250506174000.xml","null","Liquidity Support","Nominal Coupons","10Y to 20Y","4","22181000000.00","1000000.00","2000000000","9","29","2000000000.00"
"2025-05-01","01:40 PM","02:00 PM","2025-05-02","BBPA_20250501174000.pdf","BBPA_20250501174000.xml","BBA_20250501174000.pdf","BBA_20250501174000.xml","BBR_20250501174000.pdf","BBR_20250501174000.xml","null","Liquidity Support","TIPS","7.5Y to 30Y","8","887000000.00","1000000.00","500000000","9","19","179000000.00"
"2025-04-23","01:40 PM","02:00 PM","2025-04-24","BBPA_20250423174000.pdf","BBPA_20250423174000.xml","BBA_20250423174000.pdf","BBA_20250423174000.xml","BBR_20250423174000.pdf","BBR_20250423174000.xml","null","Cash Management","Nominal Coupons","1Mo to 2Y","16","12169000000.00","1000000.00","8500000000","9","38","2939000000.00"
"2025-04-22","01:40 PM","02:00 PM","2025-04-23","BBPA_20250422174000.pdf","BBPA_20250422174000.xml","BBA_20250422174000.pdf","BBA_20250422174000.xml","BBR_20250422174000.pdf","BBR_20250422174000.xml","null","Liquidity Support","Nominal Coupons","3Y to 5Y","12","14012000000.00","1000000.00","4000000000","9","49","4000000000.00"
"2025-04-16","01:40 PM","02:00 PM","2025-04-17","BBPA_20250416174000.pdf","BBPA_20250416174000.xml","BBA_20250416174000.pdf","BBA_20250416174000.xml","BBR_20250416174000.pdf","BBR_20250416174000.xml","null","Cash Management","Nominal Coupons","1Mo to 2Y","29","16028000000.00","1000000.00","8500000000","9","40","8500000000.00"
"2025-04-15","01:40 PM","02:00 PM","2025-04-16","BBPA_20250415174000.pdf","BBPA_20250415174000.xml","BBA_20250415174000.pdf","BBA_20250415174000.xml","BBR_20250415174000.pdf","BBR_20250415174000.xml","null","Liquidity Support","Nominal Coupons","5Y to 7Y","3","7316000000.00","1000000.00","4000000000","9","26","443000000.00"
"2025-04-10","01:40 PM","02:00 PM","2025-04-11","BBPA_20250410174000.pdf","BBPA_20250410174000.xml","BBA_20250410174000.pdf","BBA_20250410174000.xml","BBR_20250410174000.pdf","BBR_20250410174000.xml","null","Cash Management","Nominal Coupons","1Mo to 2Y","24","18168000000.00","1000000.00","8500000000","9","43","8500000000.00"
"2025-04-08","01:40 PM","02:00 PM","2025-04-09","BBPA_20250408174000.pdf","BBPA_20250408174000.xml","BBA_20250408174000.pdf","BBA_20250408174000.xml","BBR_20250408174000.pdf","BBR_20250408174000.xml","null","Liquidity Support","TIPS","1Y to 7.5Y","6","3245000000.00","1000000.00","500000000","9","25","500000000.00"
"2025-04-03","01:40 PM","02:00 PM","2025-04-04","BBPA_20250403174000.pdf","BBPA_20250403174000.xml","BBA_20250403174000.pdf","BBA_20250403174000.xml","BBR_20250403174000.pdf","BBR_20250403174000.xml","null","Cash Management","Nominal Coupons","1Mo to 2Y","20","23822000000.00","1000000.00","8500000000","9","38","8500000000.00"
"2025-04-02","01:40 PM","02:00 PM","2025-04-03","BBPA_20250402174000.pdf","BBPA_20250402174000.xml","BBA_20250402174000.pdf","BBA_20250402174000.xml","BBR_20250402174000.pdf","BBR_20250402174000.xml","null","Liquidity Support","Nominal Coupons","20Y to 30Y","7","12832000000.00","1000000.00","2000000000","9","35","2000000000.00"
"2025-03-27","01:40 PM","02:00 PM","2025-03-28","BBPA_20250327174000.pdf","BBPA_20250327174000.xml","BBA_20250327174000.pdf","BBA_20250327174000.xml","BBR_20250327174000.pdf","BBR_20250327174000.xml","null","Cash Management","Nominal Coupons","1Mo to 2Y","16","23024000000.00","1000000.00","8500000000","9","39","8500000000.00"
"2025-03-26","01:40 PM","02:00 PM","2025-03-27","BBPA_20250326174000.pdf","BBPA_20250326174000.xml","BBA_20250326174000.pdf","BBA_20250326174000.xml","BBR_20250326174000.pdf","BBR_20250326174000.xml","null","Liquidity Support","TIPS","7.5Y to 30Y","8","2028000000.00","1000000.00","500000000","9","19","407000000.00"
"2025-03-20","01:40 PM","02:00 PM","2025-03-21","BBPA_20250320174000.pdf","BBPA_20250320174000.xml","BBA_20250320174000.pdf","BBA_20250320174000.xml","BBR_20250320174000.pdf","BBR_20250320174000.xml","null","Cash Management","Nominal Coupons","1Mo to 2Y","21","32909000000.00","1000000.00","8500000000","9","43","8500000000.00"
"2025-03-18","01:40 PM","02:00 PM","2025-03-19","BBPA_20250318174000.pdf","BBPA_20250318174000.xml","BBA_20250318174000.pdf","BBA_20250318174000.xml","BBR_20250318174000.pdf","BBR_20250318174000.xml","null","Liquidity Support","Nominal Coupons","7Y to 10Y","4","4899000000.00","1000000.00","4000000000","9","10","985000000.00"
"2025-03-12","01:40 PM","02:00 PM","2025-03-13","BBPA_20250312174000.pdf","BBPA_20250312174000.xml","BBA_20250312174000.pdf","BBA_20250312174000.xml","BBR_20250312174000.pdf","BBR_20250312174000.xml","null","Cash Management","Nominal Coupons","1Mo to 2Y","19","39170000000.00","1000000.00","8500000000","9","44","8500000000.00"
"2025-03-11","01:40 PM","02:00 PM","2025-03-12","BBPA_20250311174000.pdf","BBPA_20250311174000.xml","BBA_20250311174000.pdf","BBA_20250311174000.xml","BBR_20250311174000.pdf","BBR_20250311174000.xml","null","Liquidity Support","Nominal Coupons","2Y to 3Y","14","10665000000.00","1000000.00","4000000000","9","32","4000000000.00"
"2025-03-05","01:40 PM","02:00 PM","2025-03-06","BBPA_20250305184000.pdf","BBPA_20250305184000.xml","BBA_20250305184000.pdf","BBA_20250305184000.xml","BBR_20250305184000.pdf","BBR_20250305184000.xml","null","Liquidity Support","Nominal Coupons","10Y to 20Y","1","18239000000.00","1000000.00","2000000000","9","29","2000000000.00"
"2025-02-26","01:40 PM","02:00 PM","2025-02-27","BBPA_20250226184000.pdf","BBPA_20250226184000.xml","BBA_20250226184000.pdf","BBA_20250226184000.xml","BBR_20250226184000.pdf","BBR_20250226184000.xml","null","Liquidity Support","Nominal Coupons","20Y to 30Y","14","8350000000.00","1000000.00","2000000000","9","35","2000000000.00"
"2025-02-20","01:40 PM","02:00 PM","2025-02-21","BBPA_20250220184000.pdf","BBPA_20250220184000.xml","BBA_20250220184000.pdf","BBA_20250220184000.xml","BBR_20250220184000.pdf","BBR_20250220184000.xml","null","Liquidity Support","TIPS","1Y to 7.5Y","8","4026000000.00","1000000.00","500000000","9","25","500000000.00"
"2025-02-12","01:40 PM","02:00 PM","2025-02-13","BBPA_20250212184000.pdf","BBPA_20250212184000.xml","BBA_20250212184000.pdf","BBA_20250212184000.xml","BBR_20250212184000.pdf","BBR_20250212184000.xml","null","Liquidity Support","Nominal Coupons","1Mo to 2Y","10","27780000000.00","1000000.00","4000000000","9","64","4000000000.00"
"2025-02-06","01:40 PM","02:00 PM","2025-02-07","BBPA_20250206184000.pdf","BBPA_20250206184000.xml","BBA_20250206184000.pdf","BBA_20250206184000.xml","BBR_20250206184000.pdf","BBR_20250206184000.xml","null","Liquidity Support","Nominal Coupons","10Y to 20Y","4","20363000000.00","1000000.00","2000000000","9","28","2000000000.00"
"2025-01-28","01:40 PM","02:00 PM","2025-01-29","BBPA_20250128184000.pdf","BBPA_20250128184000.xml","BBA_20250128184000.pdf","BBA_20250128184000.xml","BBR_20250128184000.pdf","BBR_20250128184000.xml","null","Liquidity Support","TIPS","7.5Y to 30Y","10","1616000000.00","1000000.00","500000000","9","17","500000000.00"
"2025-01-22","01:40 PM","02:00 PM","2025-01-23","BBPA_20250122184000.pdf","BBPA_20250122184000.xml","BBA_20250122184000.pdf","BBA_20250122184000.xml","BBR_20250122184000.pdf","BBR_20250122184000.xml","null","Liquidity Support","Nominal Coupons","3Y to 5Y","17","14065000000.00","1000000.00","4000000000","9","49","4000000000.00"
"2025-01-15","01:40 PM","02:00 PM","2025-01-16","BBPA_20250115184000.pdf","BBPA_20250115184000.xml","BBA_20250115184000.pdf","BBA_20250115184000.xml","BBR_20250115184000.pdf","BBR_20250115184000.xml","null","Liquidity Support","Nominal Coupons","5Y to 7Y","13","7768000000.00","1000000.00","4000000000","9","25","2190000000.00"
"2025-01-09","12:40 PM","01:00 PM","2025-01-10","BBPA_20250109174000.pdf","BBPA_20250109174000.xml","BBA_20250109174000.pdf","BBA_20250109174000.xml","BBR_20250109174000.pdf","BBR_20250109174000.xml","BBSPL_20250109174000.pdf","Liquidity Support","TIPS","1Y to 7.5Y","8","2478000000.00","1000000.00","500000000","9","26","500000000.00"
"2025-01-07","01:40 PM","02:00 PM","2025-01-08","BBPA_20250107184000.pdf","BBPA_20250107184000.xml","BBA_20250107184000.pdf","BBA_20250107184000.xml","BBR_20250107184000.pdf","BBR_20250107184000.xml","null","Liquidity Support","Nominal Coupons","20Y to 30Y","4","10301000000.00","1000000.00","2000000000","9","36","2000000000.00"
"2024-12-19","01:40 PM","02:00 PM","2024-12-20","BBPA_20241219184000.pdf","BBPA_20241219184000.xml","BBA_20241219184000.pdf","BBA_20241219184000.xml","BBR_20241219184000.pdf","BBR_20241219184000.xml","null","Cash Management","Nominal Coupons","1Mo to 2Y","14","15339000000.00","1000000.00","7500000000","9","47","3729000000.00"
"2024-12-17","01:40 PM","02:00 PM","2024-12-18","BBPA_20241217184000.pdf","BBPA_20241217184000.xml","BBA_20241217184000.pdf","BBA_20241217184000.xml","BBR_20241217184000.pdf","BBR_20241217184000.xml","null","Liquidity Support","TIPS","7.5Y to 30Y","11","1494000000.00","1000000.00","500000000","9","18","500000000.00"
"2024-12-10","01:40 PM","02:00 PM","2024-12-11","BBPA_20241210184000.pdf","BBPA_20241210184000.xml","BBA_20241210184000.pdf","BBA_20241210184000.xml","BBR_20241210184000.pdf","BBR_20241210184000.xml","null","Cash Management","Nominal Coupons","1Mo to 2Y","19","21684000000.00","1000000.00","7500000000","9","49","7500000000.00"
"2024-12-09","01:40 PM","02:00 PM","2024-12-10","BBPA_20241209184000.pdf","BBPA_20241209184000.xml","BBA_20241209184000.pdf","BBA_20241209184000.xml","BBR_20241209184000.pdf","BBR_20241209184000.xml","null","Liquidity Support","Nominal Coupons","7Y to 10Y","3","3459000000.00","1000000.00","4000000000","9","10","195000000.00"
"2024-12-05","01:40 PM","02:00 PM","2024-12-06","BBPA_20241205184000.pdf","BBPA_20241205184000.xml","BBA_20241205184000.pdf","BBA_20241205184000.xml","BBR_20241205184000.pdf","BBR_20241205184000.xml","null","Liquidity Support","Nominal Coupons","2Y to 3Y","13","7370000000.00","1000000.00","4000000000","9","31","2267000000.00"
"2024-12-04","01:40 PM","02:00 PM","2024-12-05","BBPA_20241204184000.pdf","BBPA_20241204184000.xml","BBA_20241204184000.pdf","BBA_20241204184000.xml","BBR_20241204184000.pdf","BBR_20241204184000.xml","null","Cash Management","Nominal Coupons","1Mo to 2Y","20","21683000000.00","1000000.00","7500000000","9","49","7500000000.00"
"2024-11-25","01:40 PM","02:00 PM","2024-11-26","BBPA_20241125184000.pdf","BBPA_20241125184000.xml","BBA_20241125184000.pdf","BBA_20241125184000.xml","BBR_20241125184000.pdf","BBR_20241125184000.xml","null","Liquidity Support","Nominal Coupons","10Y to 20Y","5","6780000000.00","1000000.00","2000000000","9","28","2000000000.00"
"2024-11-20","01:40 PM","02:00 PM","2024-11-21","BBPA_20241120184000.pdf","BBPA_20241120184000.xml","BBA_20241120184000.pdf","BBA_20241120184000.xml","BBR_20241120184000.pdf","BBR_20241120184000.xml","null","Liquidity Support","Nominal Coupons","20Y to 30Y","14","5065000000.00","1000000.00","2000000000","9","34","2000000000.00"
"2024-11-13","01:40 PM","02:00 PM","2024-11-14","BBPA_20241113184000.pdf","BBPA_20241113184000.xml","BBA_20241113184000.pdf","BBA_20241113184000.xml","BBR_20241113184000.pdf","BBR_20241113184000.xml","null","Liquidity Support","Nominal Coupons","1Mo to 2Y","5","31571000000.00","1000000.00","4000000000","9","57","4000000000.00"
"2024-11-06","01:40 PM","02:00 PM","2024-11-07","BBPA_20241106184000.pdf","BBPA_20241106184000.xml","BBA_20241106184000.pdf","BBA_20241106184000.xml","BBR_20241106184000.pdf","BBR_20241106184000.xml","null","Liquidity Support","TIPS","1Y to 7.5Y","6","847000000.00","1000000.00","500000000","9","26","170000000.00"
"2024-10-31","01:40 PM","02:00 PM","2024-11-01","BBPA_20241031174000.pdf","BBPA_20241031174000.xml","BBA_20241031174000.pdf","BBA_20241031174000.xml","BBR_20241031174000.pdf","BBR_20241031174000.xml","null","Liquidity Support","Nominal Coupons","10Y to 20Y","12","6432000000.00","1000000.00","2000000000","9","26","2000000000.00"
"2024-10-23","01:40 PM","02:00 PM","2024-10-24","BBPA_20241023174000.pdf","BBPA_20241023174000.xml","BBA_20241023174000.pdf","BBA_20241023174000.xml","BBR_20241023174000.pdf","BBR_20241023174000.xml","null","Liquidity Support","TIPS","7.5Y to 30Y","12","977000000.00","1000000.00","500000000","9","18","323000000.00"
"2024-10-16","01:40 PM","02:00 PM","2024-10-17","BBPA_20241016174000.pdf","BBPA_20241016174000.xml","BBA_20241016174000.pdf","BBA_20241016174000.xml","BBR_20241016174000.pdf","BBR_20241016174000.xml","null","Liquidity Support","Nominal Coupons","3Y to 5Y","21","10257000000.00","1000000.00","4000000000","9","49","4000000000.00"
"2024-10-10","01:40 PM","02:00 PM","2024-10-11","BBPA_20241010174000.pdf","BBPA_20241010174000.xml","BBA_20241010174000.pdf","BBA_20241010174000.xml","BBR_20241010174000.pdf","BBR_20241010174000.xml","BBSPL_20241010174000.pdf","Liquidity Support","Nominal Coupons","5Y to 7Y","13","4963000000.00","1000000.00","4963000000","9","26","2469000000.00"
"2024-10-02","01:40 PM","02:00 PM","2024-10-03","BBPA_20241002174000.pdf","BBPA_20241002174000.xml","BBA_20241002174000.pdf","BBA_20241002174000.xml","BBR_20241002174000.pdf","BBR_20241002174000.xml","null","Liquidity Support","TIPS","1Y to 7.5Y","7","1384000000.00","1000000.00","500000000","9","26","235000000.00"
"2024-09-25","01:40 PM","02:00 PM","2024-09-26","BBPA_20240925174000.pdf","BBPA_20240925174000.xml","BBA_20240925174000.pdf","BBA_20240925174000.xml","BBR_20240925174000.pdf","BBR_20240925174000.xml","null","Cash Management","Nominal Coupons","1Mo to 2Y","19","13006000000.00","1000000.00","5000000000","9","37","5000000000.00"
"2024-09-24","01:40 PM","02:00 PM","2024-09-25","BBPA_20240924174000.pdf","BBPA_20240924174000.xml","BBA_20240924174000.pdf","BBA_20240924174000.xml","BBR_20240924174000.pdf","BBR_20240924174000.xml","null","Liquidity Support","Nominal Coupons","20Y to 30Y","13","9702000000.00","1000000.00","2000000000","9","35","2000000000.00"
"2024-09-19","01:40 PM","02:00 PM","2024-09-20","BBPA_20240919174000.pdf","BBPA_20240919174000.xml","BBA_20240919174000.pdf","BBA_20240919174000.xml","BBR_20240919174000.pdf","BBR_20240919174000.xml","null","Cash Management","Nominal Coupons","1Mo to 2Y","9","26237000000.00","1000000.00","5000000000","9","41","5000000000.00"
"2024-09-17","01:40 PM","02:00 PM","2024-09-18","BBPA_20240917174000.pdf","BBPA_20240917174000.xml","BBA_20240917174000.pdf","BBA_20240917174000.xml","BBR_20240917174000.pdf","BBR_20240917174000.xml","null","Liquidity Support","TIPS","7.5Y to 30Y","9","881000000.00","1000000.00","500000000","9","18","153000000.00"
"2024-09-12","01:40 PM","02:00 PM","2024-09-13","BBPA_20240912174000.pdf","BBPA_20240912174000.xml","BBA_20240912174000.pdf","BBA_20240912174000.xml","BBR_20240912174000.pdf","BBR_20240912174000.xml","null","Cash Management","Nominal Coupons","1Mo to 2Y","3","22460000000.00","1000000.00","5000000000","9","39","5000000000.00"
"2024-09-10","01:40 PM","02:00 PM","2024-09-11","BBPA_20240910174000.pdf","BBPA_20240910174000.xml","BBA_20240910174000.pdf","BBA_20240910174000.xml","BBR_20240910174000.pdf","BBR_20240910174000.xml","null","Liquidity Support","Nominal Coupons","7Y to 10Y","5","3067000000.00","1000000.00","4000000000","9","10","449000000.00"
"2024-09-05","01:40 PM","02:00 PM","2024-09-06","BBPA_20240905174000.pdf","BBPA_20240905174000.xml","BBA_20240905174000.pdf","BBA_20240905174000.xml","BBR_20240905174000.pdf","BBR_20240905174000.xml","null","Cash Management","Nominal Coupons","1Mo to 2Y","18","13150000000.00","1000000.00","5000000000","9","35","5000000000.00"
"2024-09-04","01:40 PM","02:00 PM","2024-09-05","BBPA_20240904174000.pdf","BBPA_20240904174000.xml","BBA_20240904174000.pdf","BBA_20240904174000.xml","BBR_20240904174000.pdf","BBR_20240904174000.xml","null","Liquidity Support","Nominal Coupons","2Y to 3Y","6","8244000000.00","1000000.00","4000000000","9","31","2295000000.00"
"2024-08-28","01:40 PM","02:00 PM","2024-08-29","BBPA_20240828174000.pdf","BBPA_20240828174000.xml","BBA_20240828174000.pdf","BBA_20240828174000.xml","BBR_20240828174000.pdf","BBR_20240828174000.xml","null","Liquidity Support","Nominal Coupons","10Y to 20Y","8","6591000000.00","1000000.00","2000000000","9","25","2000000000.00"
"2024-08-21","01:20 PM","01:40 PM","2024-08-22","BBPA_20240821172000.pdf","BBPA_20240821172000.xml","BBA_20240821172000.pdf","BBA_20240821172000.xml","BBR_20240821172000.pdf","BBR_20240821172000.xml","BBSPL_20240821172000.pdf","Liquidity Support","TIPS","1Y to 7.5Y","8","2281000000.00","1000000.00","500000000","9","26","351000000.00"
"2024-08-21","01:40 PM","02:00 PM","2024-08-22","BBPA_20240821174000.pdf","BBPA_20240821174000.xml","BBA_20240821174000.pdf","BBA_20240821174000.xml","null","null","BBSPL_20240821174000.pdf","Liquidity Support","TIPS","1Y to 7.5Y","null","500000000.00","1000000.00","500000000","9","26","null"
"2024-08-15","01:40 PM","02:00 PM","2024-08-16","BBPA_20240815174000.pdf","BBPA_20240815174000.xml","BBA_20240815174000.pdf","BBA_20240815174000.xml","BBR_20240815174000.pdf","BBR_20240815174000.xml","null","Liquidity Support","Nominal Coupons","20Y to 30Y","9","6452000000.00","1000000.00","2000000000","9","34","2000000000.00"
"2024-08-07","01:40 PM","02:00 PM","2024-08-08","BBPA_20240807174000.pdf","BBPA_20240807174000.xml","BBA_20240807174000.pdf","BBA_20240807174000.xml","BBR_20240807174000.pdf","BBR_20240807174000.xml","null","Liquidity Support","Nominal Coupons","1Mo to 2Y","16","36955000000.00","1000000.00","4000000000","9","66","4000000000.00"
"2024-07-24","01:40 PM","02:00 PM","2024-07-25","BBPA_20240724174000.pdf","BBPA_20240724174000.xml","BBA_20240724174000.pdf","BBA_20240724174000.xml","BBR_20240724174000.pdf","BBR_20240724174000.xml","null","Liquidity Support","Nominal Coupons","7Y to 10Y","0","3706000000.00","1000000.00","2000000000","9","10","0.00"
"2024-07-18","01:40 PM","02:00 PM","2024-07-19","BBPA_20240718174000.pdf","BBPA_20240718174000.xml","BBA_20240718174000.pdf","BBA_20240718174000.xml","BBR_20240718174000.pdf","BBR_20240718174000.xml","null","Liquidity Support","Nominal Coupons","3Y to 5Y","8","4760000000.00","1000000.00","2000000000","9","20","809000000.00"
"2024-07-17","01:40 PM","02:00 PM","2024-07-18","BBPA_20240717174000.pdf","BBPA_20240717174000.xml","BBA_20240717174000.pdf","BBA_20240717174000.xml","null","null","BBSPL_20240717174000.pdf","Liquidity Support","Nominal Coupons","3Y to 5Y","null","2000000000.00","1000000.00","2000000000","9","20","null"
"2024-07-10","01:40 PM","02:00 PM","2024-07-11","BBPA_20240710174000.pdf","BBPA_20240710174000.xml","BBA_20240710174000.pdf","BBA_20240710174000.xml","BBR_20240710174000.pdf","BBR_20240710174000.xml","null","Liquidity Support","TIPS","7.5Y to 30Y","5","728000000.00","1000000.00","500000000","9","14","53000000.00"
"2024-07-02","01:40 PM","02:00 PM","2024-07-03","BBPA_20240702174000.pdf","BBPA_20240702174000.xml","BBA_20240702174000.pdf","BBA_20240702174000.xml","BBR_20240702174000.pdf","BBR_20240702174000.xml","null","Liquidity Support","Nominal Coupons","10Y to 20Y","12","7235000000.00","1000000.00","2000000000","9","20","2000000000.00"
"2024-06-26","01:40 PM","02:00 PM","2024-06-27","BBPA_20240626174000.pdf","BBPA_20240626174000.xml","BBA_20240626174000.pdf","BBA_20240626174000.xml","BBR_20240626174000.pdf","BBR_20240626174000.xml","null","Liquidity Support","Nominal Coupons","2Y to 3Y","7","8723000000.00","1000000.00","2000000000","9","20","2000000000.00"
"2024-06-20","01:40 PM","02:00 PM","2024-06-21","BBPA_20240620174000.pdf","BBPA_20240620174000.xml","BBA_20240620174000.pdf","BBA_20240620174000.xml","BBR_20240620174000.pdf","BBR_20240620174000.xml","null","Liquidity Support","Nominal Coupons","5Y to 7Y","14","6339000000.00","1000000.00","2000000000","9","20","1864000000.00"
"2024-06-11","01:40 PM","02:00 PM","2024-06-12","BBPA_20240611174000.pdf","BBPA_20240611174000.xml","BBA_20240611174000.pdf","BBA_20240611174000.xml","BBR_20240611174000.pdf","BBR_20240611174000.xml","null","Liquidity Support","TIPS","1Y to 7.5Y","5","4005000000.00","1000000.00","500000000","9","20","500000000.00"
"2024-06-05","01:40 PM","02:00 PM","2024-06-06","BBPA_20240605174000.pdf","BBPA_20240605174000.xml","BBA_20240605174000.pdf","BBA_20240605174000.xml","BBR_20240605174000.pdf","BBR_20240605174000.xml","null","Liquidity Support","Nominal Coupons","20Y to 30Y","20","3851000000.00","1000000.00","2000000000","9","20","2000000000.00"
"2024-05-29","01:40 PM","02:00 PM","2024-05-30","BBPA_20240529174000.pdf","BBPA_20240529174000.xml","BBA_20240529174000.pdf","BBA_20240529174000.xml","BBR_20240529174000.pdf","BBR_20240529174000.xml","null","Liquidity Support","Nominal Coupons","1Mo to 2Y","9","16524000000.00","1000000.00","2000000000","9","20","2000000000.00"
"2024-04-17","01:40 PM","02:00 PM","2024-04-18","BBPA_20240417174000.pdf","BBPA_20240417174000.xml","BBA_20240417174000.pdf","BBA_20240417174000.xml","BBR_20240417174000.pdf","BBR_20240417174000.xml","null","Small Value","TIPS","7.5Y to 30Y","12","1053000000.00","1000000.00","200000000","9","18","200000000.00"
"2024-04-10","01:40 PM","02:00 PM","2024-04-11","BBPA_20240410174000.pdf","BBPA_20240410174000.xml","BBA_20240410174000.pdf","BBA_20240410174000.xml","BBR_20240410174000.pdf","BBR_20240410174000.xml","null","Small Value","Nominal Coupons","1Mo to 2Y","7","2378000000.00","1000000.00","200000000","9","20","200000000.00"
"2024-04-03","01:40 PM","02:00 PM","2024-04-04","BBPA_20240403174000.pdf","BBPA_20240403174000.xml","BBA_20240403174000.pdf","BBA_20240403174000.xml","BBR_20240403174000.pdf","BBR_20240403174000.xml","null","Small Value","Nominal Coupons","20Y to 30Y","19","878000000.00","1000000.00","200000000","9","20","200000000.00"
"2023-03-30","10:00 AM","10:30 AM","2023-03-31","null","null","BBA_20230323_1.pdf","null","BBSR_20230330_1.pdf, BBDR_20230330_1.pdf","null","BBSPL_20230323_1.pdf","null","null","null","5","91000000.00","1000000.00","null","2","5","24000000.00"
"2022-03-30","10:00 AM","10:30 AM","2022-03-31","null","null","BBA_20220324_1.pdf","null","BBSR_20220330_1.pdf, BBDR_20220330_1.pdf","null","BBSPL_20220324_1.pdf","null","null","null","5","92000000.00","1000000.00","null","2","5","25000000.00"
"2021-04-07","01:00 PM","01:30 PM","2021-04-08","null","null","BBA_20210401_1.pdf","null","BBSR_20210407_1.pdf, BBDR_20210407_1.pdf","null","BBSPL_20210401_1.pdf","null","null","null","4","108000000.00","1000000.00","null","2","6","25000000.00"
"2020-08-25","10:00 AM","10:30 AM","2020-08-26","null","null","BBA_20200820_1.pdf","null","BBSR_20200825_1.pdf, BBDR_20200825_1.pdf","null","BBSPL_20200820_1.pdf","null","null","null","5","162000000.00","1000000.00","null","2","5","25000000.00"
"2019-11-20","10:15 AM","11:00 AM","2019-11-21","null","null","BBA_20191115_1.pdf","null","BBSR_20191120_1.pdf, BBDR_20191120_1.pdf","null","BBSPL_20191115_1.pdf","null","null","null","5","12000000.00","1000000.00","null","2","5","25000000.00"
"2019-05-22","10:15 AM","11:00 AM","2019-05-23","null","null","BBA_20190516_1.pdf","null","BBSR_20190522_1.pdf, BBDR_20190522_1.pdf","null","BBSPL_20190516_1.pdf","null","null","null","5","151000000.00","1000000.00","null","2","5","25000000.00"
"2018-11-14","10:15 AM","11:00 AM","2018-11-15","null","null","BBA_20181108_1.pdf","null","BBSR_20181114_1.pdf, BBDR_20181114_1.pdf","null","BBSPL_20181108_1.pdf","null","null","null","5","164000000.00","1000000.00","null","2","5","25000000.00"
"2018-05-18","10:15 AM","11:00 AM","2018-05-21","null","null","BBA_20180510_1.pdf","null","BBSR_20180518_1.pdf, BBDR_20180518_1.pdf","null","BBSPL_20180510_1.pdf","null","null","null","5","161000000.00","1000000.00","null","2","5","25000000.00"
"2017-11-15","10:15 AM","11:00 AM","2017-11-16","null","null","BBA_20171109_1.pdf","null","BBSR_20171115_1.pdf, BBSR_20171115_1.pdf","null","BBDR_20171115_1.pdf","null","null","null","5","150000000.00","1000000.00","null","2","5","25000000.00"
"2017-04-19","10:15 AM","11:00 AM","2017-04-20","null","null","BBA_20170413_1.pdf","null","BBSR_20170419_1.pdf, BBDR_20170419_1.pdf","null","BBSPL_20170413_1.pdf","null","null","null","5","365000000.00","1000000.00","null","5","5","25000000.00"
"2016-11-30","10:15 AM","11:00 AM","2016-12-01","null","null","BBA_20161123_1.pdf","null","BBSR_20161130_1.pdf, BBDR_20161130_1.pdf","null","BBSPL_20161123_1.pdf","null","null","null","5","162000000.00","1000000.00","null","5","5","25000000.00"
"2016-04-08","10:15 AM","11:00 AM","2016-04-11","null","null","BBA_20160331_1.pdf","null","BBSR_20160408_1.pdf, BBDR_20160408_1.pdf","null","BBSPL_20160331_1.pdf","null","null","null","5","103000000.00","1000000.00","null","5","5","25000000.00"
"2015-04-16","09:30 AM","10:00 AM","2015-04-17","null","null","BBA_20150409_1.pdf","null","BBSR_20150416_1.pdf, BBDR_20150416_1.pdf","null","BBSPL_20150409_1.pdf","null","null","null","3","102000000.00","1000000.00","null","2","3","25000000.00"
"2014-10-09","01:30 PM","02:00 PM","2014-10-10","null","null","BBA_20141002_1.pdf","null","BBSR_20141009_1.pdf, BBDR_20141009_1.pdf","null","BBSPL_20141002_1.pdf","null","null","null","1","22000000.00","1000000.00","null","1","1","22000000.00"
"2002-04-25","10:30 AM","11:00 AM","2002-04-29","null","null","ofbba42402.pdf","null","ofbbr42502p1.pdf, ofbbr42502p2.pdf","null","null","null","null","null","8","5186000000.00","100000.00","null","null","12","1500000000.00"
"2002-04-23","10:30 AM","11:00 AM","2002-04-25","null","null","ofbba42202.pdf","null","ofbbr42302p1.pdf, ofbbr42302p2.pdf","null","null","null","null","null","8","5088000000.00","100000.00","null","null","10","1500000000.00"
"2002-04-18","10:30 AM","11:00 AM","2002-04-22","null","null","ofbba41702.pdf","null","ofbbr41802p1.pdf, ofbbr41802p2.pdf","null","null","null","null","null","8","6213000000.00","100000.00","null","null","13","1000000000.00"
"2001-12-20","10:30 AM","11:00 AM","2001-12-24","null","null","ofbba121901.pdf","null","ofbbr122001p1.pdf, ofbbr122001p2.pdf","null","null","null","null","null","3","4906000000.00","100000.00","null","null","10","1250000000.00"
"2001-12-13","10:30 AM","11:00 AM","2001-12-17","null","null","ofbba121201.pdf","null","ofbbr121301p1.pdf, ofbbr121301p2.pdf","null","null","null","null","null","9","5393000000.00","100000.00","null","null","12","1500000000.00"
"2001-11-29","10:30 AM","11:00 AM","2001-12-03","null","null","ofbba112801.pdf","null","ofbbr112901p1.pdf, ofbbr112901p2.pdf","null","null","null","null","null","9","4654000000.00","100000.00","null","null","10","1500000000.00"
"2001-11-15","10:30 AM","11:00 AM","2001-11-19","null","null","ofbba111401.pdf","null","ofbbr111501p1.pdf, ofbbr111501p2.pdf","null","null","null","null","null","10","7617000000.00","100000.00","null","null","12","1750000000.00"
"2001-10-25","10:30 AM","11:00 AM","2001-10-29","null","null","ofbba102401.pdf","null","ofbbr102501p1.pdf, ofbbr102501p2.pdf","null","null","null","null","null","2","5044000000.00","100000.00","null","null","10","1000000000.00"
"2001-10-18","10:30 AM","11:00 AM","2001-10-22","null","null","ofbba101701.pdf","null","ofbbr101801p1.pdf, ofbbr101801p2.pdf","null","null","null","null","null","5","5632000000.00","100000.00","null","null","11","1500000000.00"
"2001-08-23","10:30 AM","11:00 AM","2001-08-27","null","null","ofbba82201.pdf","null","ofbbr82301p1.pdf, ofbbr82301p2.pdf","null","null","null","null","null","10","6765000000.00","100000.00","null","null","12","1750000000.00"
"2001-08-16","10:30 AM","11:00 AM","2001-08-20","null","null","ofbba81501.pdf","null","ofbbr81601p1.pdf, ofbbr81601p2.pdf","null","null","null","null","null","7","10452000000.00","100000.00","null","null","12","1751000000.00"
"2001-07-26","10:30 AM","11:00 AM","2001-07-30","null","null","ofbba72501.pdf","null","ofbbr72601p1.pdf, ofbbr72601p2.pdf","null","null","null","null","null","2","6078000000.00","100000.00","null","null","10","1000000000.00"
"2001-07-19","10:30 AM","11:00 AM","2001-07-23","null","null","ofbba71801.pdf","null","ofbbr71901p1.pdf, ofbbr71901p2.pdf","null","null","null","null","null","6","6079000000.00","100000.00","null","null","11","1500000000.00"
"2001-06-28","10:30 AM","11:00 AM","2001-07-02","null","null","ofbba62701.pdf","null","ofbbr62801p1.pdf, ofbbr62801p2.pdf","null","null","null","null","null","11","7643000000.00","100000.00","null","null","12","1750000000.00"
"2001-06-21","10:30 AM","11:00 AM","2001-06-25","null","null","ofbba62001.pdf","null","ofbbr62101p1.pdf, ofbbr62101p2.pdf","null","null","null","null","null","7","8415000000.00","100000.00","null","null","12","1750000000.00"
"2001-05-24","10:30 AM","11:00 AM","2001-05-29","null","null","ofbba52301.pdf","null","ofbbr52401p1.pdf, ofbbr52401p2.pdf","null","null","null","null","null","4","6733000000.00","100000.00","null","null","10","750000000.00"
"2001-05-17","10:30 AM","11:00 AM","2001-05-21","null","null","ofbba51601.pdf","null","ofbbr51701p1.pdf, ofbbr51701p2.pdf","null","null","null","null","null","9","5775000000.00","100000.00","null","null","12","1750000000.00"
"2001-04-26","10:30 AM","11:00 AM","2001-04-30","null","null","ofbba42501.pdf","null","ofbbr42601p1.pdf, ofbbr42601p2.pdf","null","null","null","null","null","11","7138000000.00","100000.00","null","null","12","2001000000.00"
