Date,Time_ET,Time_PT,Category,Event,Ticker_or_Agency,Release_Window,Source
2026-07-27,Before Open,Before Open,Earnings,UPS earnings,UPS,BMO,https://www.kiplinger.com/investing/stocks/17494/next-week-earnings-calendar-stocks
2026-07-27,After Close,After Close,Earnings,Cadence Design earnings,CDNS,AMC,https://www.tipranks.com/calendars/earnings/2026-7-27
2026-07-28,All Day,All Day,Fed,FOMC meeting day 1,Federal Reserve,,https://www.federalreserve.gov/monetarypolicy/fomccalendars.htm
2026-07-28,Before Open,Before Open,Earnings,Boeing earnings,BA,BMO,https://www.kiplinger.com/investing/stocks/17494/next-week-earnings-calendar-stocks
2026-07-28,Before Open,Before Open,Earnings,Coca-Cola earnings,KO,BMO,https://www.tipranks.com/calendars/earnings/2026-7-27
2026-07-28,After Close,After Close,Earnings,Visa earnings,V,AMC,https://www.kiplinger.com/investing/stocks/17494/next-week-earnings-calendar-stocks
2026-07-28,After Close,After Close,Earnings,Seagate earnings,STX,AMC,https://www.kiplinger.com/investing/stocks/17494/next-week-earnings-calendar-stocks
2026-07-29,14:00,11:00,Fed,FOMC rate decision,Federal Reserve,,https://www.federalreserve.gov/monetarypolicy/fomccalendars.htm
2026-07-29,14:30,11:30,Fed,Fed Chair press conference,Federal Reserve,,https://www.federalreserve.gov/monetarypolicy/fomccalendars.htm
2026-07-29,10:00,07:00,Economic Data,Metropolitan area employment and unemployment,BLS,,https://www.bls.gov/schedule/2026/07_sched_list.htm
2026-07-29,10:00,07:00,Economic Data,Business Employment Dynamics Q4 2025,BLS,,https://www.bls.gov/schedule/2026/07_sched_list.htm
2026-07-29,After Close,After Close,Earnings,Microsoft earnings,MSFT,AMC,https://www.tipranks.com/calendars/earnings/2026-7-27
2026-07-29,After Close,After Close,Earnings,Meta Platforms earnings,META,AMC,https://www.tipranks.com/calendars/earnings/2026-7-27
2026-07-30,08:30,05:30,Economic Data,Q2 GDP advance estimate,BEA,,https://www.bea.gov/news/schedule/
2026-07-30,08:30,05:30,Economic Data,June personal income and outlays / PCE inflation,BEA,,https://www.bea.gov/news/schedule/
2026-07-30,08:30,05:30,Economic Data,Initial jobless claims,DOL,,https://www.kiplinger.com/investing/economy/this-weeks-economic-calendar
2026-07-30,After Close,After Close,Earnings,Apple earnings,AAPL,AMC,https://www.tipranks.com/calendars/earnings/2026-7-27
2026-07-30,After Close,After Close,Earnings,Amazon earnings,AMZN,AMC,https://www.tipranks.com/calendars/earnings/2026-7-27
2026-07-31,08:30,05:30,Economic Data,Q2 Employment Cost Index,BLS,,https://www.bls.gov/schedule/news_release/eci.htm
2026-07-31,09:45,06:45,Economic Data,Chicago Business Barometer,ISM-Chicago,,https://www.kiplinger.com/investing/economy/this-weeks-economic-calendar
2026-07-31,10:00,07:00,Economic Data,University of Michigan consumer sentiment final,University of Michigan,,https://www.kiplinger.com/investing/economy/this-weeks-economic-calendar
2026-07-31,Before Open,Before Open,Earnings,Exxon Mobil earnings,XOM,BMO,https://earningscountdown.com/earnings-calendar/2026-07-27/
2026-07-31,Before Open,Before Open,Earnings,Chevron earnings,CVX,BMO,https://earningscountdown.com/earnings-calendar/2026-07-27/
2026-07-31,Before Open,Before Open,Earnings,Eaton earnings,ETN,BMO,https://earningscountdown.com/earnings-calendar/2026-07-27/
2026-07-31,Before Open,Before Open,Earnings,AbbVie earnings,ABBV,BMO,https://earningscountdown.com/earnings-calendar/2026-07-27/
