week_ending,distillate_stocks_kb
1982-08-20,149415.0
1982-08-27,154589.0
1982-09-24,158684.0
1982-10-01,154461.0
1982-10-08,158242.0
1982-10-15,161578.0
1982-10-22,162934.0
1982-10-29,163615.0
1982-11-05,167788.0
1982-11-12,171476.0
1982-11-19,176408.0
1982-11-26,177220.0
1982-12-03,183739.0
1982-12-10,186012.0
1982-12-17,180500.0
1982-12-24,182191.0
1982-12-31,181320.0
1983-01-07,177776.0
1983-01-14,175056.0
1983-01-21,170674.0
1983-01-28,169335.0
1983-02-04,164140.0
1983-02-11,156851.0
1983-02-18,151762.0
1983-02-25,147669.0
1983-03-04,143232.0
1983-03-11,140328.0
1983-03-18,134386.0
1983-03-25,130691.0
1983-04-01,120716.0
1983-04-08,113374.0
1983-04-15,108005.0
1983-04-29,103591.0
1983-05-13,105353.0
1983-05-20,105660.0
1983-06-03,106526.0
1983-06-10,110887.0
1983-06-17,110489.0
1983-06-24,110184.0
1983-07-01,111977.0
1983-07-08,118492.0
1983-07-15,122288.0
1983-07-22,125013.0
1983-07-29,129243.0
1983-08-05,131400.0
1983-08-12,134269.0
1983-08-19,137558.0
1983-08-26,138537.0
1983-09-02,142766.0
1983-09-09,146674.0
1983-09-16,150449.0
1983-09-23,153838.0
1983-09-30,153527.0
1983-10-07,157008.0
1983-10-14,157722.0
1983-10-21,161612.0
1983-10-28,163626.0
1983-11-04,160034.0
1983-11-11,162110.0
1983-11-18,160733.0
1983-11-25,160547.0
1983-12-02,162001.0
1983-12-09,159824.0
1983-12-16,157021.0
1983-12-23,157436.0
1983-12-30,144425.0
1984-01-06,138558.0
1984-01-13,132425.0
1984-01-20,124411.0
1984-01-27,118970.0
1984-02-03,116726.0
1984-02-10,117705.0
1984-02-17,125895.0
1984-02-24,132867.0
1984-03-02,129907.0
1984-03-09,127991.0
1984-03-16,121019.0
1984-03-23,115454.0
1984-03-30,112580.0
1984-04-06,104946.0
1984-04-13,101387.0
1984-04-20,98783.0
1984-04-27,99220.0
1984-05-04,98671.0
1984-05-11,97136.0
1984-05-18,95694.0
1984-05-25,94254.0
1984-06-01,99267.0
1984-06-08,102953.0
1984-06-15,104657.0
1984-06-22,111756.0
1984-06-29,113277.0
1984-07-06,115533.0
1984-07-13,119185.0
1984-07-20,122417.0
1984-07-27,123507.0
1984-08-03,126057.0
1984-08-10,128721.0
1984-08-17,132176.0
1984-08-24,133575.0
1984-08-31,136038.0
1984-09-07,140575.0
1984-09-14,139605.0
1984-09-21,141027.0
1984-09-28,141939.0
1984-10-05,143191.0
1984-10-12,148298.0
1984-10-19,152974.0
1984-10-26,155641.0
1984-11-02,154929.0
1984-11-09,157501.0
1984-11-16,157133.0
1984-11-23,159417.0
1984-11-30,161646.0
1984-12-07,158118.0
1984-12-14,155273.0
1984-12-21,155580.0
1984-12-28,159499.0
1985-01-04,162841.0
1985-01-11,162711.0
1985-01-18,155146.0
1985-01-25,145689.0
1985-02-01,143350.0
1985-02-08,139186.0
1985-02-15,133574.0
1985-02-22,126365.0
1985-03-01,123669.0
1985-03-08,117561.0
1985-03-15,109990.0
1985-03-22,103819.0
1985-03-29,98539.0
1985-04-05,98195.0
1985-04-12,97250.0
1985-04-19,96263.0
1985-04-26,95906.0
1985-05-03,96584.0
1985-05-10,97349.0
1985-05-17,99311.0
1985-05-24,100847.0
1985-05-31,105001.0
1985-06-07,105288.0
1985-06-14,106951.0
1985-06-21,107828.0
1985-06-28,107941.0
1985-07-05,110986.0
1985-07-12,112515.0
1985-07-19,115151.0
1985-07-26,118360.0
1985-08-02,115667.0
1985-08-09,116301.0
1985-08-16,117813.0
1985-08-23,116902.0
1985-08-30,114127.0
1985-09-06,115710.0
1985-09-13,115807.0
1985-09-20,114625.0
1985-09-27,115197.0
1985-10-04,114396.0
1985-10-11,116264.0
1985-10-18,116398.0
1985-10-25,120726.0
1985-11-01,121971.0
1985-11-08,123068.0
1985-11-15,129291.0
1985-11-22,131966.0
1985-11-29,136011.0
1985-12-06,141370.0
1985-12-13,141618.0
1985-12-20,139919.0
1985-12-27,143344.0
1986-01-03,145080.0
1986-01-10,146695.0
1986-01-17,145730.0
1986-01-24,143604.0
1986-01-31,138675.0
1986-02-07,135529.0
1986-02-14,129003.0
1986-02-21,123415.0
1986-02-28,114417.0
1986-03-07,108817.0
1986-03-14,100875.0
1986-03-21,98526.0
1986-03-28,97845.0
1986-04-04,98896.0
1986-04-11,97733.0
1986-04-18,96523.0
1986-04-25,97241.0
1986-05-02,95321.0
1986-05-09,94524.0
1986-05-16,93294.0
1986-05-23,92691.0
1986-05-30,97589.0
1986-06-06,98596.0
1986-06-13,100581.0
1986-06-20,103791.0
1986-06-27,104308.0
1986-07-04,106458.0
1986-07-11,107558.0
1986-07-18,111223.0
1986-07-25,111673.0
1986-08-01,118894.0
1986-08-08,120734.0
1986-08-15,121528.0
1986-08-22,128999.0
1986-08-29,132858.0
1986-09-05,137082.0
1986-09-12,143584.0
1986-09-19,145849.0
1986-09-26,148492.0
1986-10-03,150834.0
1986-10-10,153728.0
1986-10-17,151815.0
1986-10-24,152171.0
1986-10-31,151896.0
1986-11-07,153723.0
1986-11-14,154088.0
1986-11-21,152461.0
1986-11-28,152632.0
1986-12-05,154533.0
1986-12-12,155991.0
1986-12-19,154341.0
1986-12-26,155124.0
1987-01-02,155830.0
1987-01-09,155298.0
1987-01-16,151330.0
1987-01-23,147992.0
1987-01-30,143598.0
1987-02-06,138733.0
1987-02-13,136263.0
1987-02-20,131798.0
1987-02-27,128370.0
1987-03-06,119593.0
1987-03-13,112039.0
1987-03-20,108793.0
1987-03-27,106906.0
1987-04-03,106854.0
1987-04-10,105764.0
1987-04-17,104866.0
1987-04-24,103623.0
1987-05-01,99823.0
1987-05-08,97865.0
1987-05-15,95243.0
1987-05-22,95885.0
1987-05-29,100667.0
1987-06-05,99287.0
1987-06-12,99450.0
1987-06-19,102666.0
1987-06-26,103561.0
1987-07-03,104988.0
1987-07-10,109265.0
1987-07-17,111275.0
1987-07-24,113447.0
1987-07-31,113663.0
1987-08-07,114395.0
1987-08-14,119819.0
1987-08-21,121360.0
1987-08-28,122472.0
1987-09-04,122354.0
1987-09-11,126626.0
1987-09-18,125585.0
1987-09-25,128599.0
1987-10-02,128681.0
1987-10-09,128017.0
1987-10-16,124975.0
1987-10-23,123177.0
1987-10-30,122894.0
1987-11-06,120537.0
1987-11-13,124785.0
1987-11-20,123920.0
1987-11-27,122311.0
1987-12-04,127749.0
1987-12-11,126770.0
1987-12-18,127849.0
1987-12-25,131127.0
1988-01-01,137169.0
1988-01-08,135783.0
1988-01-15,132064.0
1988-01-22,128517.0
1988-01-29,126670.0
1988-02-05,123132.0
1988-02-12,117145.0
1988-02-19,113358.0
1988-02-26,111688.0
1988-03-04,108209.0
1988-03-11,102749.0
1988-03-18,99110.0
1988-03-25,94866.0
1988-04-01,91965.0
1988-04-08,92650.0
1988-04-15,94967.0
1988-04-22,93475.0
1988-04-29,94899.0
1988-05-06,95317.0
1988-05-13,97503.0
1988-05-20,97961.0
1988-05-27,99817.0
1988-06-03,103804.0
1988-06-10,108435.0
1988-06-17,109966.0
1988-06-24,110636.0
1988-07-01,112184.0
1988-07-08,116214.0
1988-07-15,117214.0
1988-07-22,117481.0
1988-07-29,118668.0
1988-08-05,119571.0
1988-08-12,120998.0
1988-08-19,123661.0
1988-08-26,122162.0
1988-09-02,125585.0
1988-09-09,131772.0
1988-09-16,133801.0
1988-09-23,134913.0
1988-09-30,134735.0
1988-10-07,134050.0
1988-10-14,133318.0
1988-10-21,128848.0
1988-10-28,130645.0
1988-11-04,129711.0
1988-11-11,127212.0
1988-11-18,128162.0
1988-11-25,127762.0
1988-12-02,128880.0
1988-12-09,127340.0
1988-12-16,126916.0
1988-12-23,124749.0
1988-12-30,125548.0
1989-01-06,126817.0
1989-01-13,125053.0
1989-01-20,120024.0
1989-01-27,119772.0
1989-02-03,118010.0
1989-02-10,116267.0
1989-02-17,112651.0
1989-02-24,110541.0
1989-03-03,108402.0
1989-03-10,102556.0
1989-03-17,100216.0
1989-03-24,96586.0
1989-03-31,98147.0
1989-04-07,97887.0
1989-04-14,99216.0
1989-04-21,97782.0
1989-04-28,96738.0
1989-05-05,95953.0
1989-05-12,96832.0
1989-05-19,94553.0
1989-05-26,94986.0
1989-06-02,99019.0
1989-06-09,98669.0
1989-06-16,97760.0
1989-06-23,98421.0
1989-06-30,100092.0
1989-07-07,104810.0
1989-07-14,109731.0
1989-07-21,108828.0
1989-07-28,113217.0
1989-08-04,115812.0
1989-08-11,116476.0
1989-08-18,118002.0
1989-08-25,116487.0
1989-09-01,116231.0
1989-09-08,118891.0
1989-09-15,120684.0
1989-09-22,121919.0
1989-09-29,122375.0
1989-10-06,121136.0
1989-10-13,120163.0
1989-10-20,119898.0
1989-10-27,119032.0
1989-11-03,119158.0
1989-11-10,122191.0
1989-11-17,118850.0
1989-11-24,121163.0
1989-12-01,121911.0
1989-12-08,118134.0
1989-12-15,115782.0
1989-12-22,111143.0
1989-12-29,106744.0
1990-01-05,109207.0
1990-01-12,109516.0
1990-01-19,114347.0
1990-01-26,119922.0
1990-02-02,122954.0
1990-02-09,122229.0
1990-02-16,120413.0
1990-02-23,118477.0
1990-03-02,115706.0
1990-03-09,110772.0
1990-03-16,107077.0
1990-03-23,103187.0
1990-03-30,102203.0
1990-04-06,98960.0
1990-04-13,98140.0
1990-04-20,96385.0
1990-04-27,96581.0
1990-05-04,96669.0
1990-05-11,97054.0
1990-05-18,98930.0
1990-05-25,100713.0
1990-06-01,103054.0
1990-06-08,105527.0
1990-06-15,108385.0
1990-06-22,109580.0
1990-06-29,110964.0
1990-07-06,113826.0
1990-07-13,117826.0
1990-07-20,120499.0
1990-07-27,122438.0
1990-08-03,122138.0
1990-08-10,122994.0
1990-08-17,124943.0
1990-08-24,126340.0
1990-08-31,129733.0
1990-09-07,134435.0
1990-09-14,135971.0
1990-09-21,137983.0
1990-09-28,136899.0
1990-10-05,134007.0
1990-10-12,136646.0
1990-10-19,136997.0
1990-10-26,138549.0
1990-11-02,137892.0
1990-11-09,136160.0
1990-11-16,134642.0
1990-11-23,134566.0
1990-11-30,134440.0
1990-12-07,133203.0
1990-12-14,132331.0
1990-12-21,129581.0
1990-12-28,129846.0
1991-01-04,129423.0
1991-01-11,126956.0
1991-01-18,117980.0
1991-01-25,115089.0
1991-02-01,110890.0
1991-02-08,108705.0
1991-02-15,105147.0
1991-02-22,104337.0
1991-03-01,102276.0
1991-03-08,101071.0
1991-03-15,96815.0
1991-03-22,97420.0
1991-03-29,97028.0
1991-04-05,96007.0
1991-04-12,96949.0
1991-04-19,98364.0
1991-04-26,100598.0
1991-05-03,101538.0
1991-05-10,103025.0
1991-05-17,102361.0
1991-05-24,102974.0
1991-05-31,108200.0
1991-06-07,108069.0
1991-06-14,111170.0
1991-06-21,113705.0
1991-06-28,113216.0
1991-07-05,113605.0
1991-07-12,120095.0
1991-07-19,120306.0
1991-07-26,122550.0
1991-08-02,125040.0
1991-08-09,126356.0
1991-08-16,126038.0
1991-08-23,127749.0
1991-08-30,129670.0
1991-09-06,132645.0
1991-09-13,135574.0
1991-09-20,139631.0
1991-09-27,140645.0
1991-10-04,138759.0
1991-10-11,139319.0
1991-10-18,137650.0
1991-10-25,137730.0
1991-11-01,139775.0
1991-11-08,137673.0
1991-11-15,138604.0
1991-11-22,140153.0
1991-11-29,142650.0
1991-12-06,143692.0
1991-12-13,144896.0
1991-12-20,142480.0
1991-12-27,144710.0
1992-01-03,145185.0
1992-01-10,142876.0
1992-01-17,137967.0
1992-01-24,132738.0
1992-01-31,127538.0
1992-02-07,122891.0
1992-02-14,115610.0
1992-02-21,112456.0
1992-02-28,109417.0
1992-03-06,104078.0
1992-03-13,104819.0
1992-03-20,100852.0
1992-03-27,98451.0
1992-04-03,94498.0
1992-04-10,91386.0
1992-04-17,91902.0
1992-04-24,92789.0
1992-05-01,91954.0
1992-05-08,89512.0
1992-05-15,89423.0
1992-05-22,90180.0
1992-05-29,95444.0
1992-06-05,95003.0
1992-06-12,97795.0
1992-06-19,98645.0
1992-06-26,104397.0
1992-07-03,106237.0
1992-07-10,109622.0
1992-07-17,110287.0
1992-07-24,114479.0
1992-07-31,116511.0
1992-08-07,120250.0
1992-08-14,123014.0
1992-08-21,125210.0
1992-08-28,126477.0
1992-09-04,125169.0
1992-09-11,131943.0
1992-09-18,132124.0
1992-09-25,133111.0
1992-10-02,131957.0
1992-10-09,131990.0
1992-10-16,131208.0
1992-10-23,134151.0
1992-10-30,136144.0
1992-11-06,137682.0
1992-11-13,141058.0
1992-11-20,138620.0
1992-11-27,140003.0
1992-12-04,144763.0
1992-12-11,141632.0
1992-12-18,137699.0
1992-12-25,138918.0
1993-01-01,141903.0
1993-01-08,143645.0
1993-01-15,141743.0
1993-01-22,137630.0
1993-01-29,131446.0
1993-02-05,124373.0
1993-02-12,120707.0
1993-02-19,117065.0
1993-02-26,111818.0
1993-03-05,104081.0
1993-03-12,102238.0
1993-03-19,99817.0
1993-03-26,96510.0
1993-04-02,97317.0
1993-04-09,98606.0
1993-04-16,97070.0
1993-04-23,100234.0
1993-04-30,98888.0
1993-05-07,101227.0
1993-05-14,99764.0
1993-05-21,100658.0
1993-05-28,102480.0
1993-06-04,101178.0
1993-06-11,104105.0
1993-06-18,106827.0
1993-06-25,106993.0
1993-07-02,110497.0
1993-07-09,116090.0
1993-07-16,118568.0
1993-07-23,120335.0
1993-07-30,121335.0
1993-08-06,121806.0
1993-08-13,122918.0
1993-08-20,125490.0
1993-08-27,124544.0
1993-09-03,127238.0
1993-09-10,130732.0
1993-09-17,131296.0
1993-09-24,131457.0
1993-10-01,131065.0
1993-10-08,132914.0
1993-10-15,133430.0
1993-10-22,134378.0
1993-10-29,139109.0
1993-11-05,137564.0
1993-11-12,138384.0
1993-11-19,138781.0
1993-11-26,141767.0
1993-12-03,146209.0
1993-12-10,144663.0
1993-12-17,140788.0
1993-12-24,142473.0
1993-12-31,144694.0
1994-01-07,140003.0
1994-01-14,134605.0
1994-01-21,125677.0
1994-01-28,116709.0
1994-02-04,108250.0
1994-02-11,104666.0
1994-02-18,102495.0
1994-02-25,101361.0
1994-03-04,99097.0
1994-03-11,99466.0
1994-03-18,98771.0
1994-03-25,97215.0
1994-04-01,99172.0
1994-04-08,97442.0
1994-04-15,99302.0
1994-04-22,97913.0
1994-04-29,101258.0
1994-05-06,102692.0
1994-05-13,106128.0
1994-05-20,104418.0
1994-05-27,107136.0
1994-06-03,111284.0
1994-06-10,113247.0
1994-06-17,116909.0
1994-06-24,117228.0
1994-07-01,120076.0
1994-07-08,125133.0
1994-07-15,127666.0
1994-07-22,129199.0
1994-07-29,132315.0
1994-08-05,132895.0
1994-08-12,134435.0
1994-08-19,137256.0
1994-08-26,134858.0
1994-09-02,138328.0
1994-09-09,141767.0
1994-09-16,145413.0
1994-09-23,144496.0
1994-09-30,144818.0
1994-10-07,146951.0
1994-10-14,145170.0
1994-10-21,146331.0
1994-10-28,143730.0
1994-11-04,141964.0
1994-11-11,141934.0
1994-11-18,140020.0
1994-11-25,143608.0
1994-12-02,145010.0
1994-12-09,141539.0
1994-12-16,141222.0
1994-12-23,139266.0
1994-12-30,142265.0
1995-01-06,142731.0
1995-01-13,141844.0
1995-01-20,141064.0
1995-01-27,136626.0
1995-02-03,134993.0
1995-02-10,129519.0
1995-02-17,123966.0
1995-02-24,121206.0
1995-03-03,119974.0
1995-03-10,117126.0
1995-03-17,117534.0
1995-03-24,117708.0
1995-03-31,119081.0
1995-04-07,115073.0
1995-04-14,111837.0
1995-04-21,113601.0
1995-04-28,114444.0
1995-05-05,112323.0
1995-05-12,113359.0
1995-05-19,112511.0
1995-05-26,114253.0
1995-06-02,116107.0
1995-06-09,115804.0
1995-06-16,117323.0
1995-06-23,116322.0
1995-06-30,116458.0
1995-07-07,119134.0
1995-07-14,122603.0
1995-07-21,121931.0
1995-07-28,122628.0
1995-08-04,124400.0
1995-08-11,124739.0
1995-08-18,124388.0
1995-08-25,124377.0
1995-09-01,127310.0
1995-09-08,129905.0
1995-09-15,133639.0
1995-09-22,131694.0
1995-09-29,132005.0
1995-10-06,131434.0
1995-10-13,133528.0
1995-10-20,131632.0
1995-10-27,128734.0
1995-11-03,130050.0
1995-11-10,131011.0
1995-11-17,130504.0
1995-11-24,133426.0
1995-12-01,134885.0
1995-12-08,133613.0
1995-12-15,129379.0
1995-12-22,126452.0
1995-12-29,128268.0
1996-01-05,130131.0
1996-01-12,125364.0
1996-01-19,121184.0
1996-01-26,116922.0
1996-02-02,111644.0
1996-02-09,102876.0
1996-02-16,98416.0
1996-02-23,98896.0
1996-03-01,96810.0
1996-03-08,96882.0
1996-03-15,92696.0
1996-03-22,88281.0
1996-03-29,89008.0
1996-04-05,87627.0
1996-04-12,88394.0
1996-04-19,87153.0
1996-04-26,87737.0
1996-05-03,89442.0
1996-05-10,90494.0
1996-05-17,90406.0
1996-05-24,92907.0
1996-05-31,96069.0
1996-06-07,96339.0
1996-06-14,99386.0
1996-06-21,99833.0
1996-06-28,100441.0
1996-07-05,102874.0
1996-07-12,104383.0
1996-07-19,104280.0
1996-07-26,102629.0
1996-08-02,104053.0
1996-08-09,103690.0
1996-08-16,104848.0
1996-08-23,105535.0
1996-08-30,109025.0
1996-09-06,111522.0
1996-09-13,112289.0
1996-09-20,111771.0
1996-09-27,110974.0
1996-10-04,112259.0
1996-10-11,111374.0
1996-10-18,111265.0
1996-10-25,114978.0
1996-11-01,114463.0
1996-11-08,114146.0
1996-11-15,113220.0
1996-11-22,114490.0
1996-11-29,118372.0
1996-12-06,120753.0
1996-12-13,120544.0
1996-12-20,119024.0
1996-12-27,123135.0
1997-01-03,126155.0
1997-01-10,125807.0
1997-01-17,121001.0
1997-01-24,118478.0
1997-01-31,114237.0
1997-02-07,109425.0
1997-02-14,105766.0
1997-02-21,105280.0
1997-02-28,106410.0
1997-03-07,106030.0
1997-03-14,102794.0
1997-03-21,100213.0
1997-03-28,97884.0
1997-04-04,96847.0
1997-04-11,98392.0
1997-04-18,95728.0
1997-04-25,94098.0
1997-05-02,96765.0
1997-05-09,96365.0
1997-05-16,98787.0
1997-05-23,102184.0
1997-05-30,108039.0
1997-06-06,110490.0
1997-06-13,111731.0
1997-06-20,113491.0
1997-06-27,116230.0
1997-07-04,116592.0
1997-07-11,121445.0
1997-07-18,120542.0
1997-07-25,120642.0
1997-08-01,122610.0
1997-08-08,121988.0
1997-08-15,124521.0
1997-08-22,126255.0
1997-08-29,128760.0
1997-09-05,133859.0
1997-09-12,133998.0
1997-09-19,135500.0
1997-09-26,135753.0
1997-10-03,135746.0
1997-10-10,136242.0
1997-10-17,136910.0
1997-10-24,135023.0
1997-10-31,134273.0
1997-11-07,135455.0
1997-11-14,134252.0
1997-11-21,133967.0
1997-11-28,133161.0
1997-12-05,135517.0
1997-12-12,135548.0
1997-12-19,133477.0
1997-12-26,131063.0
1998-01-02,136956.0
1998-01-09,139236.0
1998-01-16,136776.0
1998-01-23,133652.0
1998-01-30,131374.0
1998-02-06,129556.0
1998-02-13,128948.0
1998-02-20,127045.0
1998-02-27,126615.0
1998-03-06,126572.0
1998-03-13,124898.0
1998-03-20,123577.0
1998-03-27,121244.0
1998-04-03,120571.0
1998-04-10,122396.0
1998-04-17,122439.0
1998-04-24,121821.0
1998-05-01,122520.0
1998-05-08,124050.0
1998-05-15,123259.0
1998-05-22,126329.0
1998-05-29,131370.0
1998-06-05,130454.0
1998-06-12,131231.0
1998-06-19,131957.0
1998-06-26,131676.0
1998-07-03,133695.0
1998-07-10,135707.0
1998-07-17,140135.0
1998-07-24,143345.0
1998-07-31,144032.0
1998-08-07,144002.0
1998-08-14,144831.0
1998-08-21,144930.0
1998-08-28,143647.0
1998-09-04,144689.0
1998-09-11,148689.0
1998-09-18,149684.0
1998-09-25,152563.0
1998-10-02,152101.0
1998-10-09,149284.0
1998-10-16,147428.0
1998-10-23,147214.0
1998-10-30,145118.0
1998-11-06,145151.0
1998-11-13,145910.0
1998-11-20,145268.0
1998-11-27,147996.0
1998-12-04,149556.0
1998-12-11,152754.0
1998-12-18,151195.0
1998-12-25,152532.0
1999-01-01,153929.0
1999-01-08,154236.0
1999-01-15,147748.0
1999-01-22,144253.0
1999-01-29,144134.0
1999-02-05,142894.0
1999-02-12,143281.0
1999-02-19,141400.0
1999-02-26,140153.0
1999-03-05,136371.0
1999-03-12,131943.0
1999-03-19,126880.0
1999-03-26,122106.0
1999-04-02,124458.0
1999-04-09,129208.0
1999-04-16,125886.0
1999-04-23,127675.0
1999-04-30,127434.0
1999-05-07,127311.0
1999-05-14,128194.0
1999-05-21,130493.0
1999-05-28,131664.0
1999-06-04,131277.0
1999-06-11,133578.0
1999-06-18,130411.0
1999-06-25,130676.0
1999-07-02,130772.0
1999-07-09,134597.0
1999-07-16,136057.0
1999-07-23,136863.0
1999-07-30,136901.0
1999-08-06,135889.0
1999-08-13,137593.0
1999-08-20,139736.0
1999-08-27,141615.0
1999-09-03,141096.0
1999-09-10,142659.0
1999-09-17,143717.0
1999-09-24,145944.0
1999-10-01,144885.0
1999-10-08,143767.0
1999-10-15,143261.0
1999-10-22,139845.0
1999-10-29,137974.0
1999-11-05,134042.0
1999-11-12,132011.0
1999-11-19,129432.0
1999-11-26,131538.0
1999-12-03,134773.0
1999-12-10,131816.0
1999-12-17,128879.0
1999-12-24,123147.0
1999-12-31,119659.0
2000-01-07,122685.0
2000-01-14,118825.0
2000-01-21,110647.0
2000-01-28,106497.0
2000-02-04,99621.0
2000-02-11,99465.0
2000-02-18,99273.0
2000-02-25,101005.0
2000-03-03,102656.0
2000-03-10,102679.0
2000-03-17,101573.0
2000-03-24,98911.0
2000-03-31,97259.0
2000-04-07,96666.0
2000-04-14,92840.0
2000-04-21,93723.0
2000-04-28,96433.0
2000-05-05,95768.0
2000-05-12,96134.0
2000-05-19,97422.0
2000-05-26,98075.0
2000-06-02,102540.0
2000-06-09,104943.0
2000-06-16,103444.0
2000-06-23,103772.0
2000-06-30,103748.0
2000-07-07,108480.0
2000-07-14,109263.0
2000-07-21,110409.0
2000-07-28,110720.0
2000-08-04,110192.0
2000-08-11,111475.0
2000-08-18,112399.0
2000-08-25,112427.0
2000-09-01,112317.0
2000-09-08,114584.0
2000-09-15,115937.0
2000-09-22,114941.0
2000-09-29,114194.0
2000-10-06,113691.0
2000-10-13,112799.0
2000-10-20,112211.0
2000-10-27,113556.0
2000-11-03,115710.0
2000-11-10,115161.0
2000-11-17,114934.0
2000-11-24,116609.0
2000-12-01,120045.0
2000-12-08,115290.0
2000-12-15,116188.0
2000-12-22,114693.0
2000-12-29,116064.0
2001-01-05,116761.0
2001-01-12,115174.0
2001-01-19,116151.0
2001-01-26,114469.0
2001-02-02,115339.0
2001-02-09,116147.0
2001-02-16,117706.0
2001-02-23,116611.0
2001-03-02,115644.0
2001-03-09,114313.0
2001-03-16,110693.0
2001-03-23,107898.0
2001-03-30,104013.0
2001-04-06,101930.0
2001-04-13,102333.0
2001-04-20,101710.0
2001-04-27,102750.0
2001-05-04,103058.0
2001-05-11,102944.0
2001-05-18,102129.0
2001-05-25,104298.0
2001-06-01,108131.0
2001-06-08,107435.0
2001-06-15,109111.0
2001-06-22,111191.0
2001-06-29,112783.0
2001-07-06,116413.0
2001-07-13,119064.0
2001-07-20,120571.0
2001-07-27,121539.0
2001-08-03,121671.0
2001-08-10,120823.0
2001-08-17,120869.0
2001-08-24,120737.0
2001-08-31,120383.0
2001-09-07,121258.0
2001-09-14,123349.0
2001-09-21,121735.0
2001-09-28,122658.0
2001-10-05,124602.0
2001-10-12,126560.0
2001-10-19,127456.0
2001-10-26,127931.0
2001-11-02,128217.0
2001-11-09,130744.0
2001-11-16,130533.0
2001-11-23,135638.0
2001-11-30,137974.0
2001-12-07,140284.0
2001-12-14,138701.0
2001-12-21,137041.0
2001-12-28,137642.0
2002-01-04,142247.0
2002-01-11,141942.0
2002-01-18,139013.0
2002-01-25,138842.0
2002-02-01,137335.0
2002-02-08,137531.0
2002-02-15,135683.0
2002-02-22,132702.0
2002-03-01,130840.0
2002-03-08,127987.0
2002-03-15,125476.0
2002-03-22,122525.0
2002-03-29,119675.0
2002-04-05,121161.0
2002-04-12,120086.0
2002-04-19,119718.0
2002-04-26,120191.0
2002-05-03,121497.0
2002-05-10,122454.0
2002-05-17,123915.0
2002-05-24,124930.0
2002-05-31,127479.0
2002-06-07,129215.0
2002-06-14,129490.0
2002-06-21,128645.0
2002-06-28,128297.0
2002-07-05,131376.0
2002-07-12,133471.0
2002-07-19,133267.0
2002-07-26,134446.0
2002-08-02,135092.0
2002-08-09,133960.0
2002-08-16,133385.0
2002-08-23,131575.0
2002-08-30,129635.0
2002-09-06,133567.0
2002-09-13,131385.0
2002-09-20,129820.0
2002-09-27,130066.0
2002-10-04,127357.0
2002-10-11,125426.0
2002-10-18,125577.0
2002-10-25,123752.0
2002-11-01,121897.0
2002-11-08,121436.0
2002-11-15,122851.0
2002-11-22,119961.0
2002-11-29,119838.0
2002-12-06,123261.0
2002-12-13,124738.0
2002-12-20,124919.0
2002-12-27,126823.0
2003-01-03,129748.0
2003-01-10,132294.0
2003-01-17,129240.0
2003-01-24,122386.0
2003-01-31,112056.0
2003-02-07,108220.0
2003-02-14,103581.0
2003-02-21,99053.0
2003-02-28,96539.0
2003-03-07,98317.0
2003-03-14,97226.0
2003-03-21,99478.0
2003-03-28,97892.0
2003-04-04,96120.0
2003-04-11,95721.0
2003-04-18,96063.0
2003-04-25,95862.0
2003-05-02,97303.0
2003-05-09,99878.0
2003-05-16,102701.0
2003-05-23,101519.0
2003-05-30,104514.0
2003-06-06,107331.0
2003-06-13,109419.0
2003-06-20,109410.0
2003-06-27,109727.0
2003-07-04,109192.0
2003-07-11,114685.0
2003-07-18,115199.0
2003-07-25,117388.0
2003-08-01,119051.0
2003-08-08,119918.0
2003-08-15,121129.0
2003-08-22,121786.0
2003-08-29,124732.0
2003-09-05,128390.0
2003-09-12,131332.0
2003-09-19,131235.0
2003-09-26,131273.0
2003-10-03,131460.0
2003-10-10,129839.0
2003-10-17,132449.0
2003-10-24,134013.0
2003-10-31,132693.0
2003-11-07,131191.0
2003-11-14,128908.0
2003-11-21,128304.0
2003-11-28,131084.0
2003-12-05,132118.0
2003-12-12,130747.0
2003-12-19,128435.0
2003-12-26,129145.0
2004-01-02,135515.0
2004-01-09,138321.0
2004-01-16,135469.0
2004-01-23,131023.0
2004-01-30,124152.0
2004-02-06,118258.0
2004-02-13,112470.0
2004-02-20,111380.0
2004-02-27,111309.0
2004-03-05,112747.0
2004-03-12,111767.0
2004-03-19,110415.0
2004-03-26,109739.0
2004-04-02,105185.0
2004-04-09,103896.0
2004-04-16,104632.0
2004-04-23,104787.0
2004-04-30,107219.0
2004-05-07,107527.0
2004-05-14,109178.0
2004-05-21,108667.0
2004-05-28,108936.0
2004-06-04,108331.0
2004-06-11,109758.0
2004-06-18,110389.0
2004-06-25,110918.0
2004-07-02,114024.0
2004-07-09,116729.0
2004-07-16,118421.0
2004-07-23,119091.0
2004-07-30,121152.0
2004-08-06,122490.0
2004-08-13,124567.0
2004-08-20,125050.0
2004-08-27,126355.0
2004-09-03,126649.0
2004-09-10,128321.0
2004-09-17,126817.0
2004-09-24,125487.0
2004-10-01,123360.0
2004-10-08,120923.0
2004-10-15,119020.0
2004-10-22,116576.0
2004-10-29,115715.0
2004-11-05,115578.0
2004-11-12,114577.0
2004-11-19,115607.0
2004-11-26,117922.0
2004-12-03,119299.0
2004-12-10,119336.0
2004-12-17,119920.0
2004-12-24,119129.0
2004-12-31,121099.0
2005-01-07,122980.0
2005-01-14,123764.0
2005-01-21,121485.0
2005-01-28,118598.0
2005-02-04,115607.0
2005-02-11,112516.0
2005-02-18,111760.0
2005-02-25,110022.0
2005-03-04,109212.0
2005-03-11,107273.0
2005-03-18,104514.0
2005-03-25,103438.0
2005-04-01,104110.0
2005-04-08,103993.0
2005-04-15,104044.0
2005-04-22,102601.0
2005-04-29,102283.0
2005-05-06,103978.0
2005-05-13,103759.0
2005-05-20,105655.0
2005-05-27,106438.0
2005-06-03,107729.0
2005-06-10,110156.0
2005-06-17,111530.0
2005-06-24,113166.0
2005-07-01,117233.0
2005-07-08,120426.0
2005-07-15,122652.0
2005-07-22,125789.0
2005-07-29,127274.0
2005-08-05,129872.0
2005-08-12,131063.0
2005-08-19,132489.0
2005-08-26,135234.0
2005-09-02,134418.0
2005-09-09,133313.0
2005-09-16,134133.0
2005-09-23,133560.0
2005-09-30,128034.0
2005-10-07,124627.0
2005-10-14,122712.0
2005-10-21,121090.0
2005-10-28,120931.0
2005-11-04,120847.0
2005-11-11,123374.0
2005-11-18,124539.0
2005-11-25,127852.0
2005-12-02,130589.0
2005-12-09,130501.0
2005-12-16,127680.0
2005-12-23,126790.0
2005-12-30,128904.0
2006-01-06,133766.0
2006-01-13,134677.0
2006-01-20,136466.0
2006-01-27,136268.0
2006-02-03,135955.0
2006-02-10,136862.0
2006-02-17,135602.0
2006-02-24,134096.0
2006-03-03,131436.0
2006-03-10,127542.0
2006-03-17,126672.0
2006-03-24,124172.0
2006-03-31,121608.0
2006-04-07,117368.0
2006-04-14,114580.0
2006-04-21,115596.0
2006-04-28,114530.0
2006-05-05,114700.0
2006-05-12,114580.0
2006-05-19,117057.0
2006-05-26,118892.0
2006-06-02,120653.0
2006-06-09,122759.0
2006-06-16,124450.0
2006-06-23,126287.0
2006-06-30,127323.0
2006-07-07,129899.0
2006-07-14,131098.0
2006-07-21,131897.0
2006-07-28,132558.0
2006-08-04,132422.0
2006-08-11,133170.0
2006-08-18,135481.0
2006-08-25,136845.0
2006-09-01,139947.0
2006-09-08,144588.0
2006-09-15,148670.0
2006-09-22,151288.0
2006-09-29,151466.0
2006-10-06,149946.0
2006-10-13,145399.0
2006-10-20,143981.0
2006-10-27,141258.0
2006-11-03,138583.0
2006-11-10,135018.0
2006-11-17,133820.0
2006-11-24,132818.0
2006-12-01,132359.0
2006-12-08,131914.0
2006-12-15,133120.0
2006-12-22,133592.0
2006-12-29,135563.0
2007-01-05,140965.0
2007-01-12,141875.0
2007-01-19,142625.0
2007-01-26,139977.0
2007-02-02,136345.0
2007-02-09,133327.0
2007-02-16,128290.0
2007-02-23,124503.0
2007-03-02,123172.0
2007-03-09,120439.0
2007-03-16,118729.0
2007-03-23,118029.0
2007-03-30,117952.0
2007-04-06,118122.0
2007-04-13,117327.0
2007-04-20,117332.0
2007-04-27,117134.0
2007-05-04,118764.0
2007-05-11,119756.0
2007-05-18,120268.0
2007-05-25,120415.0
2007-06-01,122279.0
2007-06-08,122566.0
2007-06-15,122723.0
2007-06-22,120448.0
2007-06-29,121610.0
2007-07-06,122370.0
2007-07-13,122225.0
2007-07-20,123653.0
2007-07-27,126542.0
2007-08-03,127516.0
2007-08-10,127669.0
2007-08-17,129025.0
2007-08-24,129914.0
2007-08-31,132170.0
2007-09-07,133963.0
2007-09-14,135527.0
2007-09-21,137060.0
2007-09-28,135887.0
2007-10-05,135324.0
2007-10-12,136318.0
2007-10-19,134471.0
2007-10-26,135279.0
2007-11-02,135377.0
2007-11-09,133412.0
2007-11-16,131005.0
2007-11-23,130916.0
2007-11-30,132344.0
2007-12-07,131534.0
2007-12-14,129376.0
2007-12-21,126608.0
2007-12-28,127177.0
2008-01-04,128693.0
2008-01-11,129845.0
2008-01-18,128543.0
2008-01-25,127004.0
2008-02-01,127139.0
2008-02-08,126973.0
2008-02-15,122527.0
2008-02-22,119952.0
2008-02-29,117625.0
2008-03-07,116400.0
2008-03-14,113490.0
2008-03-21,111349.0
2008-03-28,109720.0
2008-04-04,106027.0
2008-04-11,106079.0
2008-04-18,104702.0
2008-04-25,105831.0
2008-05-02,105724.0
2008-05-09,107062.0
2008-05-16,107790.0
2008-05-23,109431.0
2008-05-30,111704.0
2008-06-06,113981.0
2008-06-13,116598.0
2008-06-20,119421.0
2008-06-27,120685.0
2008-07-04,122501.0
2008-07-11,125690.0
2008-07-18,128109.0
2008-07-25,130505.0
2008-08-01,133346.0
2008-08-08,131587.0
2008-08-15,132068.0
2008-08-22,132125.0
2008-08-29,131712.0
2008-09-05,130460.0
2008-09-12,129625.0
2008-09-19,125449.0
2008-09-26,123090.0
2008-10-03,122601.0
2008-10-10,122148.0
2008-10-17,124304.0
2008-10-24,126629.0
2008-10-31,127835.0
2008-11-07,128351.0
2008-11-14,126880.0
2008-11-21,126694.0
2008-11-28,124973.0
2008-12-05,130587.0
2008-12-12,133523.0
2008-12-19,135337.0
2008-12-26,136031.0
2009-01-02,137821.0
2009-01-09,144167.0
2009-01-16,144957.0
2009-01-23,143952.0
2009-01-30,142591.0
2009-02-06,141565.0
2009-02-13,140752.0
2009-02-20,141634.0
2009-02-27,143296.0
2009-03-06,145404.0
2009-03-13,145516.0
2009-03-20,143932.0
2009-03-27,144153.0
2009-04-03,140799.0
2009-04-10,139629.0
2009-04-17,142311.0
2009-04-24,144105.0
2009-05-01,146533.0
2009-05-08,147455.0
2009-05-15,148127.0
2009-05-22,148375.0
2009-05-29,150036.0
2009-06-05,149718.0
2009-06-12,150026.0
2009-06-19,152103.0
2009-06-26,154999.0
2009-07-03,158738.0
2009-07-10,159291.0
2009-07-17,160509.0
2009-07-24,162617.0
2009-07-31,161481.0
2009-08-07,162267.0
2009-08-14,161617.0
2009-08-21,162384.0
2009-08-28,163563.0
2009-09-04,165556.0
2009-09-11,167793.0
2009-09-18,170754.0
2009-09-25,171077.0
2009-10-02,171756.0
2009-10-09,170672.0
2009-10-16,169888.0
2009-10-23,167754.0
2009-10-30,167376.0
2009-11-06,167725.0
2009-11-13,167397.0
2009-11-20,166868.0
2009-11-27,165698.0
2009-12-04,167317.0
2009-12-11,164363.0
2009-12-18,161336.0
2009-12-25,159281.0
2010-01-01,159048.0
2010-01-08,160401.0
2010-01-15,157138.0
2010-01-22,157496.0
2010-01-29,156548.0
2010-02-05,156192.0
2010-02-12,153255.0
2010-02-19,152664.0
2010-02-26,151821.0
2010-03-05,149604.0
2010-03-12,148113.0
2010-03-19,145691.0
2010-03-26,144606.0
2010-04-02,145680.0
2010-04-09,146787.0
2010-04-16,148883.0
2010-04-23,151820.0
2010-04-30,152393.0
2010-05-07,153789.0
2010-05-14,152810.0
2010-05-21,152543.0
2010-05-28,152988.0
2010-06-04,154824.0
2010-06-11,156622.0
2010-06-18,156919.0
2010-06-25,159376.0
2010-07-02,159697.0
2010-07-09,162640.0
2010-07-16,166575.0
2010-07-23,167513.0
2010-07-30,169686.0
2010-08-06,173142.0
2010-08-13,174211.0
2010-08-20,175974.0
2010-08-27,175235.0
2010-09-03,174847.0
2010-09-10,174507.0
2010-09-17,174854.0
2010-09-24,173589.0
2010-10-01,172465.0
2010-10-08,172210.0
2010-10-15,170055.0
2010-10-22,168442.0
2010-10-29,164874.0
2010-11-05,159902.0
2010-11-12,158792.0
2010-11-19,158251.0
2010-11-26,158057.0
2010-12-03,160211.0
2010-12-10,161305.0
2010-12-17,160716.0
2010-12-24,160959.0
2010-12-31,162107.0
2011-01-07,164759.0
2011-01-14,165797.0
2011-01-21,165657.0
2011-01-28,164078.0
2011-02-04,164366.0
2011-02-11,161270.0
2011-02-18,159937.0
2011-02-25,159186.0
2011-03-04,155209.0
2011-03-11,152608.0
2011-03-18,152615.0
2011-03-25,153325.0
2011-04-01,153520.0
2011-04-08,150839.0
2011-04-15,148335.0
2011-04-22,146530.0
2011-04-29,145132.0
2011-05-06,144289.0
2011-05-13,143132.0
2011-05-20,141092.0
2011-05-27,140116.0
2011-06-03,140926.0
2011-06-10,140821.0
2011-06-17,141994.0
2011-06-24,142252.0
2011-07-01,142061.0
2011-07-08,145028.0
2011-07-15,148460.0
2011-07-22,151845.0
2011-07-29,152254.0
2011-08-05,151517.0
2011-08-12,153966.0
2011-08-19,155697.0
2011-08-26,156060.0
2011-09-02,156769.0
2011-09-09,158480.0
2011-09-16,157606.0
2011-09-23,157678.0
2011-09-30,156934.0
2011-10-07,154005.0
2011-10-14,149739.0
2011-10-21,145464.0
2011-10-28,141889.0
2011-11-04,135869.0
2011-11-11,133733.0
2011-11-18,132963.0
2011-11-25,138489.0
2011-12-02,141022.0
2011-12-09,141502.0
2011-12-16,139149.0
2011-12-23,140354.0
2011-12-30,143578.0
2012-01-06,147563.0
2012-01-13,148001.0
2012-01-20,145545.0
2012-01-27,145410.0
2012-02-03,146584.0
2012-02-10,143717.0
2012-02-17,143509.0
2012-02-24,141440.0
2012-03-02,139496.0
2012-03-09,134814.0
2012-03-16,136577.0
2012-03-23,135866.0
2012-03-30,135885.0
2012-04-06,131885.0
2012-04-13,128977.0
2012-04-20,125925.0
2012-04-27,124022.0
2012-05-04,120771.0
2012-05-11,119802.0
2012-05-18,119493.0
2012-05-25,117784.0
2012-06-01,120037.0
2012-06-08,119974.0
2012-06-15,121130.0
2012-06-22,118851.0
2012-06-29,117800.0
2012-07-06,120912.0
2012-07-13,123531.0
2012-07-20,125239.0
2012-07-27,124265.0
2012-08-03,123541.0
2012-08-10,124218.0
2012-08-17,125210.0
2012-08-24,126083.0
2012-08-31,127076.0
2012-09-07,128552.0
2012-09-14,128230.0
2012-09-21,127748.0
2012-09-28,124059.0
2012-10-05,120882.0
2012-10-12,118664.0
2012-10-19,118018.0
2012-10-26,117925.0
2012-11-02,118056.0
2012-11-09,115517.0
2012-11-16,112842.0
2012-11-23,112042.0
2012-11-30,115069.0
2012-12-07,118055.0
2012-12-14,116970.0
2012-12-21,119393.0
2012-12-28,123967.0
2013-01-04,130744.0
2013-01-11,132430.0
2013-01-18,132938.0
2013-01-25,130623.0
2013-02-01,129581.0
2013-02-08,125904.0
2013-02-15,123627.0
2013-02-22,124184.0
2013-03-01,120354.0
2013-03-08,120437.0
2013-03-15,119765.0
2013-03-22,115252.0
2013-03-29,112986.0
2013-04-05,112817.0
2013-04-12,115181.0
2013-04-19,115278.0
2013-04-26,115752.0
2013-05-03,117564.0
2013-05-10,119864.0
2013-05-17,118812.0
2013-05-24,120663.0
2013-05-31,123274.0
2013-06-07,122111.0
2013-06-14,121622.0
2013-06-21,123189.0
2013-06-28,120771.0
2013-07-05,123809.0
2013-07-12,127679.0
2013-07-19,126452.0
2013-07-26,125986.0
2013-08-02,126455.0
2013-08-09,128482.0
2013-08-16,129353.0
2013-08-23,129037.0
2013-08-30,129586.0
2013-09-06,132172.0
2013-09-13,131093.0
2013-09-20,130859.0
2013-09-27,129179.0
2013-10-04,126038.0
2013-10-11,124237.0
2013-10-18,125774.0
2013-10-25,122716.0
2013-11-01,117817.0
2013-11-08,117336.0
2013-11-15,112541.0
2013-11-22,110875.0
2013-11-29,113524.0
2013-12-06,118065.0
2013-12-13,115955.0
2013-12-20,114105.0
2013-12-27,119147.0
2014-01-03,124973.0
2014-01-10,123950.0
2014-01-17,120738.0
2014-01-24,116154.0
2014-01-31,113794.0
2014-02-07,113063.0
2014-02-14,112724.0
2014-02-21,113062.0
2014-02-28,114476.0
2014-03-07,113943.0
2014-03-14,110846.0
2014-03-21,112401.0
2014-03-28,112955.0
2014-04-04,113194.0
2014-04-11,111916.0
2014-04-18,112513.0
2014-04-25,114449.0
2014-05-02,114002.0
2014-05-09,112878.0
2014-05-16,116277.0
2014-05-23,116081.0
2014-05-30,118093.0
2014-06-06,118953.0
2014-06-13,119389.0
2014-06-20,120566.0
2014-06-27,121541.0
2014-07-04,121768.0
2014-07-11,124296.0
2014-07-18,125932.0
2014-07-25,126721.0
2014-08-01,124923.0
2014-08-08,122502.0
2014-08-15,121542.0
2014-08-22,122794.0
2014-08-29,123399.0
2014-09-05,127493.0
2014-09-12,127772.0
2014-09-19,128595.0
2014-09-26,125701.0
2014-10-03,126140.0
2014-10-10,124622.0
2014-10-17,125671.0
2014-10-24,120377.0
2014-10-31,119653.0
2014-11-07,116850.0
2014-11-14,114794.0
2014-11-21,113146.0
2014-11-28,116174.0
2014-12-05,121751.0
2014-12-12,121544.0
2014-12-19,123847.0
2014-12-26,125721.0
2015-01-02,136926.0
2015-01-09,139851.0
2015-01-16,136579.0
2015-01-23,132687.0
2015-01-30,134475.0
2015-02-06,131223.0
2015-02-13,127409.0
2015-02-20,124698.0
2015-02-27,122976.0
2015-03-06,125503.0
2015-03-13,125883.0
2015-03-20,125849.0
2015-03-27,127174.0
2015-04-03,126924.0
2015-04-10,128941.0
2015-04-17,129336.0
2015-04-24,129270.0
2015-05-01,130773.0
2015-05-08,128270.0
2015-05-15,127724.0
2015-05-22,128839.0
2015-05-29,132612.0
2015-06-05,133477.0
2015-06-12,133591.0
2015-06-19,135428.0
2015-06-26,135820.0
2015-07-03,137461.0
2015-07-10,141280.0
2015-07-17,141515.0
2015-07-24,144103.0
2015-07-31,144812.0
2015-08-07,147806.0
2015-08-14,148400.0
2015-08-21,149836.0
2015-08-28,149951.0
2015-09-04,150903.0
2015-09-11,153963.0
2015-09-18,151875.0
2015-09-25,151608.0
2015-10-02,149150.0
2015-10-09,147630.0
2015-10-16,145008.0
2015-10-23,142057.0
2015-10-30,140757.0
2015-11-06,141109.0
2015-11-13,140318.0
2015-11-20,141364.0
2015-11-27,144415.0
2015-12-04,149413.0
2015-12-11,151976.0
2015-12-18,151315.0
2015-12-25,153110.0
2016-01-01,159418.0
2016-01-08,165554.0
2016-01-15,164529.0
2016-01-22,160472.0
2016-01-29,159695.0
2016-02-05,160976.0
2016-02-12,162375.0
2016-02-19,160715.0
2016-02-26,163597.0
2016-03-04,162478.0
2016-03-11,161343.0
2016-03-18,162260.0
2016-03-25,161185.0
2016-04-01,162984.0
2016-04-08,163489.0
2016-04-15,159935.0
2016-04-22,158240.0
2016-04-29,156979.0
2016-05-06,155332.0
2016-05-13,152162.0
2016-05-20,150878.0
2016-05-27,149623.0
2016-06-03,151377.0
2016-06-10,152163.0
2016-06-17,152314.0
2016-06-24,150513.0
2016-07-01,148939.0
2016-07-08,152997.0
2016-07-15,152783.0
2016-07-22,152003.0
2016-07-29,153155.0
2016-08-05,151196.0
2016-08-12,153135.0
2016-08-19,153257.0
2016-08-26,154753.0
2016-09-02,158135.0
2016-09-09,162754.0
2016-09-16,164992.0
2016-09-23,163077.0
2016-09-30,160718.0
2016-10-07,156972.0
2016-10-14,155732.0
2016-10-21,152378.0
2016-10-28,150550.0
2016-11-04,148602.0
2016-11-11,148912.0
2016-11-18,149239.0
2016-11-25,154196.0
2016-12-02,156697.0
2016-12-09,155935.0
2016-12-16,153515.0
2016-12-23,151634.0
2016-12-30,161685.0
2017-01-06,170041.0
2017-01-13,169073.0
2017-01-20,169149.0
2017-01-27,170717.0
2017-02-03,170746.0
2017-02-10,170057.0
2017-02-17,165133.0
2017-02-24,164208.0
2017-03-03,161532.0
2017-03-10,157303.0
2017-03-17,155393.0
2017-03-24,152910.0
2017-03-31,152374.0
2017-04-07,150221.0
2017-04-14,148266.0
2017-04-21,150917.0
2017-04-28,150355.0
2017-05-05,148768.0
2017-05-12,146824.0
2017-05-19,146339.0
2017-05-26,146733.0
2017-06-02,151088.0
2017-06-09,151416.0
2017-06-16,152495.0
2017-06-23,152272.0
2017-06-30,150422.0
2017-07-07,153553.0
2017-07-14,151416.0
2017-07-21,149564.0
2017-07-28,149414.0
2017-08-04,147685.0
2017-08-11,148387.0
2017-08-18,148415.0
2017-08-25,149163.0
2017-09-01,147767.0
2017-09-08,144552.0
2017-09-15,138859.0
2017-09-22,138045.0
2017-09-29,135439.0
2017-10-06,133959.0
2017-10-13,134487.0
2017-10-20,129241.0
2017-10-27,128921.0
2017-11-03,125562.0
2017-11-10,124763.0
2017-11-17,125032.0
2017-11-24,127779.0
2017-12-01,129446.0
2017-12-08,128076.0
2017-12-15,128845.0
2017-12-22,129935.0
2017-12-29,138834.0
2018-01-05,143088.0
2018-01-12,139201.0
2018-01-19,139840.0
2018-01-26,137900.0
2018-02-02,141826.0
2018-02-09,141367.0
2018-02-16,138945.0
2018-02-23,137985.0
2018-03-02,137426.0
2018-03-09,133066.0
2018-03-16,131044.0
2018-03-23,128954.0
2018-03-30,129491.0
2018-04-06,128447.0
2018-04-13,125340.0
2018-04-20,122729.0
2018-04-27,118829.0
2018-05-04,115038.0
2018-05-11,114946.0
2018-05-18,113995.0
2018-05-25,114629.0
2018-06-01,116794.0
2018-06-08,114693.0
2018-06-15,117408.0
2018-06-22,117423.0
2018-06-29,117557.0
2018-07-06,121682.0
2018-07-13,121311.0
2018-07-20,121210.0
2018-07-27,124193.0
2018-08-03,125423.0
2018-08-10,128989.0
2018-08-17,130838.0
2018-08-24,130001.0
2018-08-31,133120.0
2018-09-07,139283.0
2018-09-14,140122.0
2018-09-21,137881.0
2018-09-28,136131.0
2018-10-05,133465.0
2018-10-12,132638.0
2018-10-19,130376.0
2018-10-26,126322.0
2018-11-02,122857.0
2018-11-09,119268.0
2018-11-16,119191.0
2018-11-23,121801.0
2018-11-30,125612.0
2018-12-07,124137.0
2018-12-14,119900.0
2018-12-21,119902.0
2018-12-28,129431.0
2019-01-04,140042.0
2019-01-11,143009.0
2019-01-18,142392.0
2019-01-25,141270.0
2019-02-01,139013.0
2019-02-08,140200.0
2019-02-15,138683.0
2019-02-22,138379.0
2019-03-01,135986.0
2019-03-08,136369.0
2019-03-15,132242.0
2019-03-22,130167.0
2019-03-29,128169.0
2019-04-05,128053.0
2019-04-12,127691.0
2019-04-19,127029.0
2019-04-26,125722.0
2019-05-03,125563.0
2019-05-10,125647.0
2019-05-17,126415.0
2019-05-24,124800.0
2019-05-31,129372.0
2019-06-07,128372.0
2019-06-14,127821.0
2019-06-21,125380.0
2019-06-28,126788.0
2019-07-05,130517.0
2019-07-12,136203.0
2019-07-19,136816.0
2019-07-26,135922.0
2019-08-02,137451.0
2019-08-09,135513.0
2019-08-16,138123.0
2019-08-23,136060.0
2019-08-30,133522.0
2019-09-06,136226.0
2019-09-13,136663.0
2019-09-20,133685.0
2019-09-27,131267.0
2019-10-04,127324.0
2019-10-11,123501.0
2019-10-18,120786.0
2019-10-25,119754.0
2019-11-01,119132.0
2019-11-08,116655.0
2019-11-15,115681.0
2019-11-22,116406.0
2019-11-29,119469.0
2019-12-06,123587.0
2019-12-13,125096.0
2019-12-20,124944.0
2019-12-27,133720.0
2020-01-03,139050.0
2020-01-10,147221.0
2020-01-17,146036.0
2020-01-24,144747.0
2020-01-31,143235.0
2020-02-07,141222.0
2020-02-14,140587.0
2020-02-21,138472.0
2020-02-28,134464.0
2020-03-06,128060.0
2020-03-13,125120.0
2020-03-20,124442.0
2020-03-27,122248.0
2020-04-03,122724.0
2020-04-10,129004.0
2020-04-17,136880.0
2020-04-24,141972.0
2020-05-01,151490.0
2020-05-08,155001.0
2020-05-15,158832.0
2020-05-22,164327.0
2020-05-29,174261.0
2020-06-05,175829.0
2020-06-12,174471.0
2020-06-19,174720.0
2020-06-26,174127.0
2020-07-03,177262.0
2020-07-10,176809.0
2020-07-17,177883.0
2020-07-24,178386.0
2020-07-31,179977.0
2020-08-07,177655.0
2020-08-14,177807.0
2020-08-21,179195.0
2020-08-28,177520.0
2020-09-04,175845.0
2020-09-11,179306.0
2020-09-18,175942.0
2020-09-25,172758.0
2020-10-02,171796.0
2020-10-09,164551.0
2020-10-16,160719.0
2020-10-23,156228.0
2020-10-30,154644.0
2020-11-06,149289.0
2020-11-13,144073.0
2020-11-20,142632.0
2020-11-27,145870.0
2020-12-04,151092.0
2020-12-11,151259.0
2020-12-18,148934.0
2020-12-25,152029.0
2021-01-01,158419.0
2021-01-08,163205.0
2021-01-15,163662.0
2021-01-22,162847.0
2021-01-29,162838.0
2021-02-05,161106.0
2021-02-12,157684.0
2021-02-19,152715.0
2021-02-26,142996.0
2021-03-05,137492.0
2021-03-12,137747.0
2021-03-19,141553.0
2021-03-26,144095.0
2021-04-02,145547.0
2021-04-09,143464.0
2021-04-16,142391.0
2021-04-23,139049.0
2021-04-30,136153.0
2021-05-07,134419.0
2021-05-14,132095.0
2021-05-21,129082.0
2021-05-28,132802.0
2021-06-04,137214.0
2021-06-11,136191.0
2021-06-18,137945.0
2021-06-25,137076.0
2021-07-02,138692.0
2021-07-09,142349.0
2021-07-16,141000.0
2021-07-23,137912.0
2021-07-30,138744.0
2021-08-06,140511.0
2021-08-13,137814.0
2021-08-20,138459.0
2021-08-27,136727.0
2021-09-03,133586.0
2021-09-10,131897.0
2021-09-17,129343.0
2021-09-24,129727.0
2021-10-01,129331.0
2021-10-08,129307.0
2021-10-15,125394.0
2021-10-22,124962.0
2021-10-29,127122.0
2021-11-05,124509.0
2021-11-12,123685.0
2021-11-19,121717.0
2021-11-26,123877.0
2021-12-03,126610.0
2021-12-10,123758.0
2021-12-17,124154.0
2021-12-24,122428.0
2021-12-31,126846.0
2022-01-07,129383.0
2022-01-14,127952.0
2022-01-21,125154.0
2022-01-28,122744.0
2022-02-04,121814.0
2022-02-11,120262.0
2022-02-18,119678.0
2022-02-25,119104.0
2022-03-04,113874.0
2022-03-11,114206.0
2022-03-18,112135.0
2022-03-25,113530.0
2022-04-01,114301.0
2022-04-08,111399.0
2022-04-15,108735.0
2022-04-22,107286.0
2022-04-29,104942.0
2022-05-06,104029.0
2022-05-13,105264.0
2022-05-20,106921.0
2022-05-27,106392.0
2022-06-03,108984.0
2022-06-10,109709.0
2022-06-17,109842.0
2022-06-24,112401.0
2022-07-01,111135.0
2022-07-08,113803.0
2022-07-15,112508.0
2022-07-22,111724.0
2022-07-29,109324.0
2022-08-05,111490.0
2022-08-12,112256.0
2022-08-19,111594.0
2022-08-26,111706.0
2022-09-02,111801.0
2022-09-09,116020.0
2022-09-16,117250.0
2022-09-23,114359.0
2022-09-30,110916.0
2022-10-07,106063.0
2022-10-14,106187.0
2022-10-21,106357.0
2022-10-28,106784.0
2022-11-04,106263.0
2022-11-11,107383.0
2022-11-18,109101.0
2022-11-25,112648.0
2022-12-02,118807.0
2022-12-09,120171.0
2022-12-16,119929.0
2022-12-23,120212.0
2022-12-30,118785.0
2023-01-06,117716.0
2023-01-13,115777.0
2023-01-20,115270.0
2023-01-27,117590.0
2023-02-03,120522.0
2023-02-10,119237.0
2023-02-17,121935.0
2023-02-24,122114.0
2023-03-03,122252.0
2023-03-10,119715.0
2023-03-17,116402.0
2023-03-24,116683.0
2023-03-31,113051.0
2023-04-07,112445.0
2023-04-14,112090.0
2023-04-21,111513.0
2023-04-28,110323.0
2023-05-05,106153.0
2023-05-12,106233.0
2023-05-19,105672.0
2023-05-26,106657.0
2023-06-02,111731.0
2023-06-09,113854.0
2023-06-16,114288.0
2023-06-23,114411.0
2023-06-30,113366.0
2023-07-07,118181.0
2023-07-14,118194.0
2023-07-21,117949.0
2023-07-28,117153.0
2023-08-04,115447.0
2023-08-11,115743.0
2023-08-18,116688.0
2023-08-25,117923.0
2023-09-01,118602.0
2023-09-08,122533.0
2023-09-15,119666.0
2023-09-22,120064.0
2023-09-29,118795.0
2023-10-06,116958.0
2023-10-13,113773.0
2023-10-20,112087.0
2023-10-27,111295.0
2023-11-03,108001.0
2023-11-10,106579.0
2023-11-17,105561.0
2023-11-24,110778.0
2023-12-01,112045.0
2023-12-08,113539.0
2023-12-15,115024.0
2023-12-22,115765.0
2023-12-29,125855.0
2024-01-05,132383.0
2024-01-12,134753.0
2024-01-19,133336.0
2024-01-26,130795.0
2024-02-02,127574.0
2024-02-09,125659.0
2024-02-16,121651.0
2024-02-23,121141.0
2024-03-01,117010.0
2024-03-08,117898.0
2024-03-15,118522.0
2024-03-22,117337.0
2024-03-29,116069.0
2024-04-05,117728.0
2024-04-12,114968.0
2024-04-19,116582.0
2024-04-26,115850.0
2024-05-03,116410.0
2024-05-10,116365.0
2024-05-17,116744.0
2024-05-24,119288.0
2024-05-31,122485.0
2024-06-07,123366.0
2024-06-14,121640.0
2024-06-21,121263.0
2024-06-28,119728.0
2024-07-05,124612.0
2024-07-12,128066.0
2024-07-19,125313.0
2024-07-26,126847.0
2024-08-02,127796.0
2024-08-09,126123.0
2024-08-16,122811.0
2024-08-23,123086.0
2024-08-30,122715.0
2024-09-06,125023.0
2024-09-13,125148.0
2024-09-20,122921.0
2024-09-27,121637.0
2024-10-04,118513.0
2024-10-11,114979.0
2024-10-18,113839.0
2024-10-25,112862.0
2024-11-01,115809.0
2024-11-08,114415.0
2024-11-15,114301.0
2024-11-22,114717.0
2024-11-29,118100.0
2024-12-06,121335.0
2024-12-13,118155.0
2024-12-20,116461.0
2024-12-27,122867.0
2025-01-03,128938.0
2025-01-10,132015.0
2025-01-17,128945.0
2025-01-24,123951.0
2025-01-31,118480.0
2025-02-07,118615.0
2025-02-14,116564.0
2025-02-21,120472.0
2025-02-28,119154.0
2025-03-07,117595.0
2025-03-14,114783.0
2025-03-21,114362.0
2025-03-28,114626.0
2025-04-04,111082.0
2025-04-11,109231.0
2025-04-18,106878.0
2025-04-25,107815.0
2025-05-02,106708.0
2025-05-09,103553.0
2025-05-16,104132.0
2025-05-23,103408.0
2025-05-30,107638.0
2025-06-06,108884.0
2025-06-13,109398.0
2025-06-20,105332.0
2025-06-27,103622.0
2025-07-04,102797.0
2025-07-11,106970.0
2025-07-18,109901.0
2025-07-25,113536.0
2025-08-01,112971.0
2025-08-08,113685.0
2025-08-15,116028.0
2025-08-22,114242.0
2025-08-29,115923.0
2025-09-05,120638.0
2025-09-12,124684.0
2025-09-19,122999.0
2025-09-26,123577.0
2025-10-03,121559.0
2025-10-10,117030.0
2025-10-17,115551.0
2025-10-24,112189.0
2025-10-31,111546.0
2025-11-07,110909.0
2025-11-14,111080.0
2025-11-21,112227.0
2025-11-28,114286.0
2025-12-05,116788.0
2025-12-12,118500.0
2025-12-19,118702.0
2025-12-26,123679.0
2026-01-02,129273.0
2026-01-09,129244.0
2026-01-16,132592.0
2026-01-23,132921.0
2026-01-30,127368.0
2026-02-06,124665.0
2026-02-13,120099.0
2026-02-20,120351.0
2026-02-27,120780.0
2026-03-06,119431.0
2026-03-13,116904.0
2026-03-20,119936.0
2026-03-27,117825.0
2026-04-03,114681.0
2026-04-10,111559.0
2026-04-17,108132.0
2026-04-24,103638.0
2026-05-01,102344.0
2026-05-08,102534.0
2026-05-15,102906.0
2026-05-22,100799.0
2026-05-29,102301.0
2026-06-05,102101.0
2026-06-12,103052.0
2026-06-19,106116.0
2026-06-26,108599.0
2026-07-03,103619.0
2026-07-10,108175.0
2026-07-17,109570.0
2026-07-24,110632.0
2026-07-31,107159.0
2026-08-07,107149.0
2026-08-14,105619.0
2026-08-21,103391.0
2026-08-28,104187.0
