tk,px,iv30,rv20,rv60,iv_minus_rv20,iv_over_rv60,off_hi,m1,near_exp,near_move,exp1016,move1016
EWZ,38.19,60.278,22.2,23.3,38.1,2.59,-8.5,0.3,261009,7.62,261016,9.11
LTRX,7.22,80.895,48.2,64.4,32.7,1.26,-14.9,36.7,261016,10.73,261016,10.73
KTOS,43.2,57.408,28.2,54.7,29.2,1.05,-42.3,-9.9,261009,5.09,261016,8.45
ONDS,7.29,64.01,35.3,77.6,28.7,0.82,-46.7,-4.9,261009,7.13,261016,10.15
PARR,84.8,62.787,39.6,62.3,23.2,1.01,-2.9,4.8,261016,8.55,261016,8.55
DHT,23.68,55.838,35.7,36.6,20.1,1.53,0.0,18.0,261016,8.66,261016,8.66
UAL,112.25,53.104,34.4,37.9,18.7,1.4,-17.3,3.8,261009,6.84,261016,7.18
RTX,184.95,30.508,12.3,23.2,18.2,1.31,-18.1,-8.0,261009,2.45,261016,3.65
CCJ,85.694,45.688,27.6,41.4,18.1,1.1,-32.6,-11.6,261009,4.45,261016,6.38
DINO,113.36,55.306,37.8,37.7,17.5,1.47,-2.8,6.9,261016,8.56,261016,8.56
AMZN,251.39,38.239,21.4,40.3,16.8,0.95,-11.4,-1.4,261005,1.33,,
VST,143.9605,45.39,31.0,40.0,14.4,1.13,-17.1,-2.4,261009,5.4,261016,7.05
PSX,264.58,42.918,28.7,30.1,14.2,1.43,-3.5,3.3,261009,4.37,261016,6.09
IREN,41.7001,72.045,58.8,104.3,13.2,0.69,-38.4,5.5,261009,7.21,261016,10.66
VLO,406.3,50.729,38.3,33.8,12.4,1.5,-1.7,11.0,261009,5.28,261016,7.46
LMT,506.98,30.088,18.0,30.5,12.1,0.99,-20.8,-4.9,261009,2.7,261016,4.35
DHI,135.0,38.98,27.0,32.2,12.0,1.21,-19.1,-5.1,261009,3.65,261016,5.15
MPC,422.33,48.652,37.0,35.3,11.7,1.38,-0.6,9.1,261016,7.15,261016,7.15
FRO,51.43,49.408,38.4,38.5,11.0,1.28,-2.4,16.1,261016,8.22,261016,8.22
PBF,80.9659,71.512,60.6,67.3,10.9,1.06,-1.9,7.0,261016,10.87,261016,10.87
KRE,70.78,25.108,14.4,15.5,10.7,1.62,-9.2,-4.7,261009,2.23,261016,4.13
MSFT,517.19,32.093,22.2,38.4,9.9,0.84,0.0,4.2,261005,1.18,,
NBIS,242.9845,74.168,64.8,126.0,9.4,0.59,-15.3,19.0,261009,7.33,261016,10.85
AVAV,140.9,54.968,45.8,59.1,9.2,0.93,-34.3,-3.1,261009,5.96,261016,8.13
GOOGL,343.25,34.661,26.1,34.9,8.6,0.99,-14.7,1.9,261005,1.36,,
BNO,63.1,53.539,45.2,51.0,8.3,1.05,-0.7,13.2,261009,5.03,261016,8.0
IWM,281.52,18.143,11.4,13.1,6.7,1.38,-7.7,-4.2,261005,0.79,,
TLN,320.5,52.152,45.8,50.7,6.4,1.03,-26.8,6.2,261009,5.51,261016,8.08
ORCL,142.37,52.062,46.6,55.7,5.5,0.93,-42.7,-2.4,261009,5.07,261016,7.34
TLT,77.53,15.613,10.3,10.0,5.3,1.56,-11.4,-5.5,261005,0.75,,
XLE,62.82,26.0,21.1,21.3,4.9,1.22,-4.7,-3.5,261005,1.24,261016,3.86
NVDA,234.22,28.966,24.8,38.5,4.2,0.75,-0.8,4.3,261005,1.4,,
NOC,479.69,27.333,23.2,24.3,4.1,1.12,-31.3,-8.7,261016,4.17,261016,4.17
TSLA,371.43,43.035,39.0,50.9,4.0,0.85,-16.8,3.8,261005,1.81,,
QQQ,749.55,18.662,15.0,18.7,3.7,1.0,0.0,5.7,261005,0.76,,
HYG,76.91,7.491,3.9,3.7,3.6,2.02,-4.6,-2.8,261009,0.51,261016,1.09
JNK,92.39,7.277,4.2,3.8,3.1,1.92,-4.8,-3.0,261016,1.76,261016,1.76
USO,147.37,49.016,46.3,52.3,2.7,0.94,-9.0,4.4,261007,4.08,261016,7.31
CEG,258.8,44.12,41.6,36.2,2.5,1.22,-20.2,-11.2,261009,4.69,261016,6.57
SPY,769.64,12.441,10.3,11.1,2.1,1.12,-1.1,0.6,261005,0.51,,
AVGO,355.1,35.207,33.1,38.0,2.1,0.93,-26.3,-3.3,261005,1.71,,
LEN,80.3304,41.442,39.5,35.2,1.9,1.18,-15.9,-4.5,261009,5.01,261016,6.6
CRWV,89.4,69.898,69.6,97.4,0.3,0.72,-35.0,10.7,261009,6.97,261016,10.32
SOXX,589.01,37.773,38.1,45.5,-0.3,0.83,-10.1,17.4,261009,3.15,261016,5.42
GLD,380.14,20.629,21.3,24.9,-0.7,0.83,-14.8,-5.6,261005,1.01,,
MU,1069.1801,48.836,50.8,75.2,-2.0,0.65,-11.4,12.4,261005,2.37,,
OKLO,35.97,65.083,69.7,82.1,-4.6,0.79,-54.9,-9.2,261009,6.6,261016,9.7
BE,287.2199,79.356,90.0,106.8,-10.6,0.74,-16.4,33.1,261009,6.98,261016,10.38
META,727.65,42.242,55.2,47.2,-13.0,0.89,-6.4,22.8,261005,1.58,,
