"STUB_1","9/25/26","9/18/26","Difference","Percent Change","9/26/25","Difference","Percent Change"
"Crude Oil","711.087","710.950","0.137","0.000","823.246","-112.159","-13.600"
"Commercial (Excluding SPR)","427.320","426.398","0.922","0.200","416.546","10.774","2.600"
"Strategic Petroleum Reserve (SPR)","283.767","284.552","-0.785","-0.300","406.700","-122.933","-30.200"
"Total Motor Gasoline","204.362","206.046","-1.683","-0.800","220.694","-16.331","-7.400"
"Reformulated","0.022","0.025","-0.003","-12.000","0.026","-0.004","-15.400"
"Conventional","14.197","14.312","-0.115","-0.800","15.292","-1.096","-7.200"
"Blending Components","190.144","191.709","-1.565","-0.800","205.375","-15.232","-7.400"
"Fuel Ethanol","23.865","24.683","-0.818","-3.300","22.764","1.101","4.800"
"Kerosene-Type Jet Fuel","43.612","45.466","-1.854","-4.100","44.339","-0.728","-1.600"
"Distillate Fuel Oil","105.180","107.431","-2.251","-2.100","123.577","-18.397","-14.900"
"15 ppm sulfur and Under","94.389","96.362","-1.974","-2.000","112.579","-18.190","-16.200"
"> 15 ppm to 500 ppm sulfur","4.497","4.153","0.344","8.300","3.506","0.991","28.300"
"> 500 ppm sulfur","6.295","6.915","-0.621","-9.000","7.492","-1.197","-16.000"
"Residual Fuel Oil","23.432","23.723","-0.291","-1.200","20.628","2.804","13.600"
"Propane/Propylene","109.647","107.870","1.777","1.600","103.376","6.271","6.100"
"Other Oils","306.895","309.739","-2.843","-0.900","336.463","-29.568","-8.800"
"Unfinished Oils","77.791","77.611","0.180","0.200","83.211","-5.421","-6.500"
"Total Stocks (Including SPR)","1,528.080","1,535.908","-7.828","-0.500","1,695.087","-167.007","-9.900"
"Total Stocks (Excluding SPR)","1,244.313","1,251.356","-7.043","-0.600","1,288.387","-44.074","-3.400"
"STUB_1","STUB_2","9/25/26","9/18/26","Difference","9/26/25","Difference","9/25/26","9/26/25","Percent Change","9/25/26","9/26/25","Percent Change"
"Crude Oil Supply ","(1)     Domestic Production","13,955","13,939","16","13,505","450","13,946","13,496","3.3","13,741","13,440","2.2"
"Crude Oil Supply ","(2)        Alaska","468","455","13","427","41","461","418","10.2","427","418","2.1"
"Crude Oil Supply ","(3)        Lower 48","13,487","13,484","3","13,078","409","13,486","13,077","3.1","13,314","13,022","2.2"
"Crude Oil Supply ","(4)     Transfers to Crude Oil Supply","431","428","4","276","155","545","330","64.9","541","536","0.9"
"Crude Oil Supply ","(5)        Alaskan NGL production","42","37","5","46","-4","41","45","-7.9","44","47","-7.1"
"Crude Oil Supply ","(6)        Natural Gasoline, Condensate, and Unfinished Oils","389","391","-1","230","159","504","286","76.3","497","489","1.7"
"Crude Oil Supply ","(7)     Net Imports (Including SPR)","2,128","2,596","-468","2,082","46","2,589","2,009","28.9","1,917","2,278","-15.8"
"Crude Oil Supply ","(8)        Imports","5,698","5,877","-179","5,833","-135","6,364","6,073","4.8","6,155","6,141","0.2"
"Crude Oil Supply ","(9)            Commercial Crude Oil","5,698","5,877","-179","5,833","-135","6,364","6,073","4.8","6,155","6,141","0.2"
"Crude Oil Supply ","(10)            Imports by SPR","0","0","0","0","0","0","0","0.0","0","0","0.0"
"Crude Oil Supply ","(11)            Imports into SPR by Others","0","0","0","0","0","0","0","0.0","0","0","0.0"
"Crude Oil Supply ","(12)        Exports","3,570","3,281","289","3,751","-181","3,775","4,064","-7.1","4,238","3,863","9.7"
"Crude Oil Supply ","(13)   Stock Change (+/build; -/draw)","20","366","-347","362","-342","1","-78","– –","-457","54","– –"
"Crude Oil Supply ","(14)       Commercial Stock Change","132","424","-292","256","-124","102","-149","– –","29","6","– –"
"Crude Oil Supply ","(15)       SPR Stock Change","-112","-58","-54","106","-218","-101","71","– –","-486","48","– –"
"Crude Oil Supply ","(16)   Adjustment","-238","215","-453","666","-904","-84","559","– –","11","116","– –"
"Crude Oil Supply ","(17)   Crude Oil Input to Refineries","16,257","16,811","-554","16,168","89","16,996","16,471","3.2","16,667","16,316","2.2"
"Other Supply ","(18)   Production","10,276","10,419","-143","9,877","399","10,437","9,935","5.1","10,060","9,502","5.9"
"Other Supply ","(19)      Natural Gas Plant Liquids","7,932","8,022","-90","7,602","330","8,002","7,594","5.4","7,668","7,157","7.1"
"Other Supply ","(20)      Renewable Fuels/Oxygenate Plant","1,398","1,418","-21","1,303","95","1,442","1,350","6.8","1,403","1,364","2.9"
"Other Supply ","(21)           Fuel Ethanol","1,007","1,028","-21","995","12","1,058","1,045","1.3","1,091","1,068","2.2"
"Other Supply ","(22)          Other","391","391","0","308","83","384","305","25.8","312","296","5.3"
"Other Supply ","(23)      Refinery Processing Gain","946","979","-32","973","-26","993","990","0.2","989","981","0.8"
"Other Supply ","(24)   Net Imports","-5,977","-6,399","422","-5,149","-828","-6,377","-4,987","– –","-5,991","-4,977","– –"
"Other Supply ","(25)      Imports","1,517","1,473","44","2,099","-582","1,467","1,982","-26.0","1,562","1,743","-10.4"
"Other Supply ","(26)      Exports","7,494","7,872","-378","7,248","246","7,845","6,969","12.6","7,553","6,720","12.4"
"Other Supply ","(27)   Stock Change (+/build; -/draw)","-1,138","-409","-729","664","-1,802","-32","955","– –","-210","199","– –"
"Other Supply ","(28)   Adjustment","238","238","0","210","28","237","210","– –","223","213","– –"
"Other Supply ","(29)   Transfers to Crude Oil Supply","-431","-428","-4","-276","-155","-545","-330","64.9","-541","-536","–"
"Products Supplied ","(30)   Total","21,500","21,050","450","20,166","1,334","20,779","20,344","2.1","20,629","20,317","1.5"
"Products Supplied ","(31)     Finished Motor Gasoline","8,689","8,847","-159","8,518","170","8,721","8,699","0.3","8,781","8,792","-0.1"
"Products Supplied ","(32)     Kerosene-Type Jet Fuel","1,809","1,650","159","1,740","69","1,761","1,654","6.5","1,728","1,711","0.9"
"Products Supplied ","(33)     Distillate Fuel Oil","3,948","3,975","-26","3,617","332","3,776","3,588","5.2","3,833","3,788","1.2"
"Products Supplied ","(34)     Residual Fuel Oil","374","196","179","362","12","291","289","0.6","307","287","7.1"
"Products Supplied ","(35)     Propane/Propylene","1,085","764","321","534","551","886","787","12.6","972","975","-0.3"
"Products Supplied ","(36)     Other Oils","5,595","5,618","-23","5,396","200","5,345","5,327","0.3","5,010","4,764","5.2"
"Net Imports of Crude and Petroleum Products ","(33)   Total","-3,849","-3,803","-46","-3,067","-782","-3,788","-2,978","27.2","-4,074","-2,700","50.9"
