week_ending,distillate_product_supplied_kbd
1991-02-08,3139.0
1991-02-15,3121.0
1991-02-22,2847.0
1991-03-01,2964.0
1991-03-08,3338.0
1991-03-15,3699.0
1991-03-22,2946.0
1991-03-29,3026.0
1991-04-05,3106.0
1991-04-12,2789.0
1991-04-19,2790.0
1991-04-26,2610.0
1991-05-03,2877.0
1991-05-10,2891.0
1991-05-17,2933.0
1991-05-24,2806.0
1991-05-31,2346.0
1991-06-07,2916.0
1991-06-14,2795.0
1991-06-21,2675.0
1991-06-28,3089.0
1991-07-05,2914.0
1991-07-12,2055.0
1991-07-19,3121.0
1991-07-26,2682.0
1991-08-02,2787.0
1991-08-09,2755.0
1991-08-16,2959.0
1991-08-23,2841.0
1991-08-30,2876.0
1991-09-06,2774.0
1991-09-13,2826.0
1991-09-20,2987.0
1991-09-27,3053.0
1991-10-04,3417.0
1991-10-11,3086.0
1991-10-18,3233.0
1991-10-25,3054.0
1991-11-01,2977.0
1991-11-08,3408.0
1991-11-15,3025.0
1991-11-22,3087.0
1991-11-29,2879.0
1991-12-06,2915.0
1991-12-13,3279.0
1991-12-20,3616.0
1991-12-27,3026.0
1992-01-03,3188.0
1992-01-10,3242.0
1992-01-17,3727.0
1992-01-24,3561.0
1992-01-31,3665.0
1992-02-07,3386.0
1992-02-14,3723.0
1992-02-21,3176.0
1992-02-28,3266.0
1992-03-06,3305.0
1992-03-13,2629.0
1992-03-20,3300.0
1992-03-27,3226.0
1992-04-03,3386.0
1992-04-10,3418.0
1992-04-17,2757.0
1992-04-24,2819.0
1992-05-01,3222.0
1992-05-08,3208.0
1992-05-15,2825.0
1992-05-22,2744.0
1992-05-29,2295.0
1992-06-05,3170.0
1992-06-12,2620.0
1992-06-19,2842.0
1992-06-26,2353.0
1992-07-03,2814.0
1992-07-10,2597.0
1992-07-17,3069.0
1992-07-24,2538.0
1992-07-31,2912.0
1992-08-07,2808.0
1992-08-14,2519.0
1992-08-21,2789.0
1992-08-28,2747.0
1992-09-04,3020.0
1992-09-11,2179.0
1992-09-18,2994.0
1992-09-25,2917.0
1992-10-02,3412.0
1992-10-09,3226.0
1992-10-16,3516.0
1992-10-23,2989.0
1992-10-30,3122.0
1992-11-06,3179.0
1992-11-13,2822.0
1992-11-20,3628.0
1992-11-27,3355.0
1992-12-04,2649.0
1992-12-11,3507.0
1992-12-18,3740.0
1992-12-25,3158.0
1993-01-01,2832.0
1993-01-08,2857.0
1993-01-15,3194.0
1993-01-22,3626.0
1993-01-29,3815.0
1993-02-05,3980.0
1993-02-12,3392.0
1993-02-19,3374.0
1993-02-26,3735.0
1993-03-05,4052.0
1993-03-12,3159.0
1993-03-19,3444.0
1993-03-26,3694.0
1993-04-02,2998.0
1993-04-09,2915.0
1993-04-16,3344.0
1993-04-23,2713.0
1993-04-30,3358.0
1993-05-07,2997.0
1993-05-14,3014.0
1993-05-21,3098.0
1993-05-28,2989.0
1993-06-04,3058.0
1993-06-11,2674.0
1993-06-18,2752.0
1993-06-25,3155.0
1993-07-02,2865.0
1993-07-09,2481.0
1993-07-16,2843.0
1993-07-23,3069.0
1993-07-30,3152.0
1993-08-06,3338.0
1993-08-13,3061.0
1993-08-20,2672.0
1993-08-27,3305.0
1993-09-03,2979.0
1993-09-10,2855.0
1993-09-17,3103.0
1993-09-24,3341.0
1993-10-01,3325.0
1993-10-08,3227.0
1993-10-15,3432.0
1993-10-22,3485.0
1993-10-29,3056.0
1993-11-05,3796.0
1993-11-12,3305.0
1993-11-19,3429.0
1993-11-26,3124.0
1993-12-03,2965.0
1993-12-10,3700.0
1993-12-17,3865.0
1993-12-24,3057.0
1993-12-31,3103.0
1994-01-07,4002.0
1994-01-14,4212.0
1994-01-21,4277.0
1994-01-28,4436.0
1994-02-04,4410.0
1994-02-11,3965.0
1994-02-18,3685.0
1994-02-25,3432.0
1994-03-04,3441.0
1994-03-11,3395.0
1994-03-18,3405.0
1994-03-25,3314.0
1994-04-01,2903.0
1994-04-08,3527.0
1994-04-15,2954.0
1994-04-22,3649.0
1994-04-29,3259.0
1994-05-06,3219.0
1994-05-13,2906.0
1994-05-20,3423.0
1994-05-27,3052.0
1994-06-03,2870.0
1994-06-10,3070.0
1994-06-17,2850.0
1994-06-24,3075.0
1994-07-01,2788.0
1994-07-08,2302.0
1994-07-15,2754.0
1994-07-22,3037.0
1994-07-29,2780.0
1994-08-05,3295.0
1994-08-12,2970.0
1994-08-19,2846.0
1994-08-26,3579.0
1994-09-02,2782.0
1994-09-09,2624.0
1994-09-16,2764.0
1994-09-23,3394.0
1994-09-30,3353.0
1994-10-07,2997.0
1994-10-14,3501.0
1994-10-21,3092.0
1994-10-28,3488.0
1994-11-04,3369.0
1994-11-11,3055.0
1994-11-18,3647.0
1994-11-25,2927.0
1994-12-02,3132.0
1994-12-09,3826.0
1994-12-16,3152.0
1994-12-23,3680.0
1994-12-30,2921.0
1995-01-06,3264.0
1995-01-13,3404.0
1995-01-20,3207.0
1995-01-27,3648.0
1995-02-03,3301.0
1995-02-10,3811.0
1995-02-17,3799.0
1995-02-24,3436.0
1995-03-03,3317.0
1995-03-10,3580.0
1995-03-17,3240.0
1995-03-24,3224.0
1995-03-31,2899.0
1995-04-07,3813.0
1995-04-14,3458.0
1995-04-21,2928.0
1995-04-28,3117.0
1995-05-05,3304.0
1995-05-12,2792.0
1995-05-19,2997.0
1995-05-26,2876.0
1995-06-02,3013.0
1995-06-09,3062.0
1995-06-16,3048.0
1995-06-23,3199.0
1995-06-30,3092.0
1995-07-07,2720.0
1995-07-14,2788.0
1995-07-21,3038.0
1995-07-28,2925.0
1995-08-04,2755.0
1995-08-11,2920.0
1995-08-18,2981.0
1995-08-25,3228.0
1995-09-01,2720.0
1995-09-08,2908.0
1995-09-15,2689.0
1995-09-22,3413.0
1995-09-29,3303.0
1995-10-06,3234.0
1995-10-13,2957.0
1995-10-20,3422.0
1995-10-27,3614.0
1995-11-03,3158.0
1995-11-10,3104.0
1995-11-17,3686.0
1995-11-24,3280.0
1995-12-01,3186.0
1995-12-08,3825.0
1995-12-15,4032.0
1995-12-22,4002.0
1995-12-29,3235.0
1996-01-05,3035.0
1996-01-12,3877.0
1996-01-19,3785.0
1996-01-26,3714.0
1996-02-02,3741.0
1996-02-09,4328.0
1996-02-16,3787.0
1996-02-23,3312.0
1996-03-01,3701.0
1996-03-08,3193.0
1996-03-15,3940.0
1996-03-22,3650.0
1996-03-29,3099.0
1996-04-05,3027.0
1996-04-12,3061.0
1996-04-19,3611.0
1996-04-26,3336.0
1996-05-03,2999.0
1996-05-10,3152.0
1996-05-17,3213.0
1996-05-24,3009.0
1996-05-31,2824.0
1996-06-07,3359.0
1996-06-14,2909.0
1996-06-21,3366.0
1996-06-28,3138.0
1996-07-05,2849.0
1996-07-12,3030.0
1996-07-19,3128.0
1996-07-26,3189.0
1996-08-02,3146.0
1996-08-09,3197.0
1996-08-16,3084.0
1996-08-23,3148.0
1996-08-30,2980.0
1996-09-06,3061.0
1996-09-13,3221.0
1996-09-20,3455.0
1996-09-27,3623.0
1996-10-04,3215.0
1996-10-11,3609.0
1996-10-18,3687.0
1996-10-25,3302.0
1996-11-01,3678.0
1996-11-08,3656.0
1996-11-15,3685.0
1996-11-22,3323.0
1996-11-29,3073.0
1996-12-06,3296.0
1996-12-13,3530.0
1996-12-20,3591.0
1996-12-27,2868.0
1997-01-03,3162.0
1997-01-10,3342.0
1997-01-17,3728.0
1997-01-24,3449.0
1997-01-31,3885.0
1997-02-07,3703.0
1997-02-14,3550.0
1997-02-21,3228.0
1997-02-28,3221.0
1997-03-07,3353.0
1997-03-14,3665.0
1997-03-21,3728.0
1997-03-28,3689.0
1997-04-04,3565.0
1997-04-11,3229.0
1997-04-18,3647.0
1997-04-25,3524.0
1997-05-02,3341.0
1997-05-09,3476.0
1997-05-16,3267.0
1997-05-23,3218.0
1997-05-30,2842.0
1997-06-06,3146.0
1997-06-13,3391.0
1997-06-20,3384.0
1997-06-27,3379.0
1997-07-04,3528.0
1997-07-11,2819.0
1997-07-18,3672.0
1997-07-25,3393.0
1997-08-01,3177.0
1997-08-08,3411.0
1997-08-15,3123.0
1997-08-22,3182.0
1997-08-29,3293.0
1997-09-05,2751.0
1997-09-12,3428.0
1997-09-19,3082.0
1997-09-26,3460.0
1997-10-03,3475.0
1997-10-10,3423.0
1997-10-17,3634.0
1997-10-24,3620.0
1997-10-31,3599.0
1997-11-07,3379.0
1997-11-14,3560.0
1997-11-21,3618.0
1997-11-28,3517.0
1997-12-05,3429.0
1997-12-12,3752.0
1997-12-19,3976.0
1997-12-26,4088.0
1998-01-02,2692.0
1998-01-09,3271.0
1998-01-16,3757.0
1998-01-23,3974.0
1998-01-30,3739.0
1998-02-06,3796.0
1998-02-13,3434.0
1998-02-20,3654.0
1998-02-27,3481.0
1998-03-06,3510.0
1998-03-13,3663.0
1998-03-20,3575.0
1998-03-27,3918.0
1998-04-03,3700.0
1998-04-10,3122.0
1998-04-17,3428.0
1998-04-24,3574.0
1998-05-01,3448.0
1998-05-08,3089.0
1998-05-15,3750.0
1998-05-22,3254.0
1998-05-29,2954.0
1998-06-05,3678.0
1998-06-12,3366.0
1998-06-19,3561.0
1998-06-26,3815.0
1998-07-03,3320.0
1998-07-10,3320.0
1998-07-17,3044.0
1998-07-24,3231.0
1998-07-31,3626.0
1998-08-07,3486.0
1998-08-14,3395.0
1998-08-21,3606.0
1998-08-28,3813.0
1998-09-04,3251.0
1998-09-11,3151.0
1998-09-18,3364.0
1998-09-25,3010.0
1998-10-02,3395.0
1998-10-09,3658.0
1998-10-16,3521.0
1998-10-23,3193.0
1998-10-30,3614.0
1998-11-06,3377.0
1998-11-13,3554.0
1998-11-20,3697.0
1998-11-27,2955.0
1998-12-04,3227.0
1998-12-11,3198.0
1998-12-18,3776.0
1998-12-25,3248.0
1999-01-01,3432.0
1999-01-08,3296.0
1999-01-15,4612.0
1999-01-22,3724.0
1999-01-29,3389.0
1999-02-05,3642.0
1999-02-12,3603.0
1999-02-19,3642.0
1999-02-26,3601.0
1999-03-05,3738.0
1999-03-12,3864.0
1999-03-19,3849.0
1999-03-26,4045.0
1999-04-02,3038.0
1999-04-09,2650.0
1999-04-16,3714.0
1999-04-23,3237.0
1999-04-30,3469.0
1999-05-07,3542.0
1999-05-14,3451.0
1999-05-21,3270.0
1999-05-28,3447.0
1999-06-04,3451.0
1999-06-11,2915.0
1999-06-18,3857.0
1999-06-25,3460.0
1999-07-02,3198.0
1999-07-09,3038.0
1999-07-16,3292.0
1999-07-23,3325.0
1999-07-30,3436.0
1999-08-06,3595.0
1999-08-13,3222.0
1999-08-20,3177.0
1999-08-27,3245.0
1999-09-03,3455.0
1999-09-10,3360.0
1999-09-17,3532.0
1999-09-24,3253.0
1999-10-01,3755.0
1999-10-08,3773.0
1999-10-15,3747.0
1999-10-22,4061.0
1999-10-29,3821.0
1999-11-05,4119.0
1999-11-12,4037.0
1999-11-19,4028.0
1999-11-26,3501.0
1999-12-03,3362.0
1999-12-10,3914.0
1999-12-17,3901.0
1999-12-24,4105.0
1999-12-31,3999.0
2000-01-07,3007.0
2000-01-14,3766.0
2000-01-21,4364.0
2000-01-28,3866.0
2000-02-04,4192.0
2000-02-11,3866.0
2000-02-18,3716.0
2000-02-25,3761.0
2000-03-03,3386.0
2000-03-10,3677.0
2000-03-17,3798.0
2000-03-24,3790.0
2000-03-31,3593.0
2000-04-07,3439.0
2000-04-14,4197.0
2000-04-21,3504.0
2000-04-28,3445.0
2000-05-05,3667.0
2000-05-12,3783.0
2000-05-19,3787.0
2000-05-26,3657.0
2000-06-02,3225.0
2000-06-09,3276.0
2000-06-16,3855.0
2000-06-23,3496.0
2000-06-30,3746.0
2000-07-07,3025.0
2000-07-14,3461.0
2000-07-21,3420.0
2000-07-28,3533.0
2000-08-04,3610.0
2000-08-11,3602.0
2000-08-18,3655.0
2000-08-25,3706.0
2000-09-01,3878.0
2000-09-08,3583.0
2000-09-15,3654.0
2000-09-22,4024.0
2000-09-29,4001.0
2000-10-06,3706.0
2000-10-13,3996.0
2000-10-20,4171.0
2000-10-27,3681.0
2000-11-03,3754.0
2000-11-10,4240.0
2000-11-17,3894.0
2000-11-24,3729.0
2000-12-01,3467.0
2000-12-08,4687.0
2000-12-15,3791.0
2000-12-22,4177.0
2000-12-29,3999.0
2001-01-05,4577.0
2001-01-12,4319.0
2001-01-19,3748.0
2001-01-26,4175.0
2001-02-02,3858.0
2001-02-09,4081.0
2001-02-16,3883.0
2001-02-23,4037.0
2001-03-02,4146.0
2001-03-09,3956.0
2001-03-16,4315.0
2001-03-23,4010.0
2001-03-30,4130.0
2001-04-06,3647.0
2001-04-13,3502.0
2001-04-20,3984.0
2001-04-27,3566.0
2001-05-04,3948.0
2001-05-11,3594.0
2001-05-18,3622.0
2001-05-25,3537.0
2001-06-01,3258.0
2001-06-08,3892.0
2001-06-15,3447.0
2001-06-22,3358.0
2001-06-29,3718.0
2001-07-06,3387.0
2001-07-13,3477.0
2001-07-20,3641.0
2001-07-27,3679.0
2001-08-03,3960.0
2001-08-10,3941.0
2001-08-17,3716.0
2001-08-24,3797.0
2001-08-31,3714.0
2001-09-07,3699.0
2001-09-14,3292.0
2001-09-21,3914.0
2001-09-28,3726.0
2001-10-05,3651.0
2001-10-12,3716.0
2001-10-19,3721.0
2001-10-26,4041.0
2001-11-02,3914.0
2001-11-09,3639.0
2001-11-16,4047.0
2001-11-23,3601.0
2001-11-30,3696.0
2001-12-07,3684.0
2001-12-14,4072.0
2001-12-21,3994.0
2001-12-28,3807.0
2002-01-04,3160.0
2002-01-11,3866.0
2002-01-18,3997.0
2002-01-25,3511.0
2002-02-01,3894.0
2002-02-08,3633.0
2002-02-15,3891.0
2002-02-22,4030.0
2002-03-01,3828.0
2002-03-08,3745.0
2002-03-15,3715.0
2002-03-22,3738.0
2002-03-29,3980.0
2002-04-05,3438.0
2002-04-12,3838.0
2002-04-19,3737.0
2002-04-26,3610.0
2002-05-03,3777.0
2002-05-10,3756.0
2002-05-17,3445.0
2002-05-24,3694.0
2002-05-31,3409.0
2002-06-07,3400.0
2002-06-14,3598.0
2002-06-21,3806.0
2002-06-28,3892.0
2002-07-05,3404.0
2002-07-12,3465.0
2002-07-19,3624.0
2002-07-26,3451.0
2002-08-02,3462.0
2002-08-09,3564.0
2002-08-16,3586.0
2002-08-23,3862.0
2002-08-30,3872.0
2002-09-06,3232.0
2002-09-13,3831.0
2002-09-20,3786.0
2002-09-27,3481.0
2002-10-04,4029.0
2002-10-11,3473.0
2002-10-18,3584.0
2002-10-25,4098.0
2002-11-01,4006.0
2002-11-08,3786.0
2002-11-15,3620.0
2002-11-22,4416.0
2002-11-29,4104.0
2002-12-06,3778.0
2002-12-13,4245.0
2002-12-20,4133.0
2002-12-27,3970.0
2003-01-03,3697.0
2003-01-10,3686.0
2003-01-17,4022.0
2003-01-24,4495.0
2003-01-31,4926.0
2003-02-07,4155.0
2003-02-14,4639.0
2003-02-21,4478.0
2003-02-28,4319.0
2003-03-07,4049.0
2003-03-14,4526.0
2003-03-21,3830.0
2003-03-28,4065.0
2003-04-04,4056.0
2003-04-11,3650.0
2003-04-18,3813.0
2003-04-25,3841.0
2003-05-02,3888.0
2003-05-09,3637.0
2003-05-16,3613.0
2003-05-23,3953.0
2003-05-30,3632.0
2003-06-06,3608.0
2003-06-13,3894.0
2003-06-20,3835.0
2003-06-27,3691.0
2003-07-04,3941.0
2003-07-11,3031.0
2003-07-18,3645.0
2003-07-25,3420.0
2003-08-01,3874.0
2003-08-08,3666.0
2003-08-15,3645.0
2003-08-22,3739.0
2003-08-29,3503.0
2003-09-05,3427.0
2003-09-12,3576.0
2003-09-19,3856.0
2003-09-26,3857.0
2003-10-03,3830.0
2003-10-10,4004.0
2003-10-17,3413.0
2003-10-24,3637.0
2003-10-31,4116.0
2003-11-07,4042.0
2003-11-14,4207.0
2003-11-21,4051.0
2003-11-28,3606.0
2003-12-05,3804.0
2003-12-12,4133.0
2003-12-19,4205.0
2003-12-26,3907.0
2004-01-02,3249.0
2004-01-09,3396.0
2004-01-16,4392.0
2004-01-23,4692.0
2004-01-30,4716.0
2004-02-06,4585.0
2004-02-13,4704.0
2004-02-20,4160.0
2004-02-27,3917.0
2004-03-05,3781.0
2004-03-12,3929.0
2004-03-19,3969.0
2004-03-26,3715.0
2004-04-02,4541.0
2004-04-09,3863.0
2004-04-16,4041.0
2004-04-23,4048.0
2004-04-30,3851.0
2004-05-07,3936.0
2004-05-14,3866.0
2004-05-21,4060.0
2004-05-28,4099.0
2004-06-04,4104.0
2004-06-11,3881.0
2004-06-18,3885.0
2004-06-25,4053.0
2004-07-02,3928.0
2004-07-09,3850.0
2004-07-16,3867.0
2004-07-23,3928.0
2004-07-30,3917.0
2004-08-06,4009.0
2004-08-13,3992.0
2004-08-20,4088.0
2004-08-27,3950.0
2004-09-03,4030.0
2004-09-10,3771.0
2004-09-17,3999.0
2004-09-24,3737.0
2004-10-01,4071.0
2004-10-08,4237.0
2004-10-15,4210.0
2004-10-22,4368.0
2004-10-29,4242.0
2004-11-05,4038.0
2004-11-12,4209.0
2004-11-19,4207.0
2004-11-26,4092.0
2004-12-03,4080.0
2004-12-10,4242.0
2004-12-17,4381.0
2004-12-24,4430.0
2004-12-31,4176.0
2005-01-07,4172.0
2005-01-14,4051.0
2005-01-21,4462.0
2005-01-28,4528.0
2005-02-04,4378.0
2005-02-11,4357.0
2005-02-18,4125.0
2005-02-25,4155.0
2005-03-04,4321.0
2005-03-11,4373.0
2005-03-18,4415.0
2005-03-25,4234.0
2005-04-01,4233.0
2005-04-08,4248.0
2005-04-15,4268.0
2005-04-22,4090.0
2005-04-29,4240.0
2005-05-06,3913.0
2005-05-13,4220.0
2005-05-20,3929.0
2005-05-27,4230.0
2005-06-03,4057.0
2005-06-10,4206.0
2005-06-17,4010.0
2005-06-24,4047.0
2005-07-01,4110.0
2005-07-08,3904.0
2005-07-15,3911.0
2005-07-22,4001.0
2005-07-29,4140.0
2005-08-05,3973.0
2005-08-12,3982.0
2005-08-19,4028.0
2005-08-26,4051.0
2005-09-02,3995.0
2005-09-09,3906.0
2005-09-16,3869.0
2005-09-23,3835.0
2005-09-30,4034.0
2005-10-07,3909.0
2005-10-14,3900.0
2005-10-21,4293.0
2005-10-28,4066.0
2005-11-04,4205.0
2005-11-11,3917.0
2005-11-18,4156.0
2005-11-25,4003.0
2005-12-02,4094.0
2005-12-09,4256.0
2005-12-16,4650.0
2005-12-23,4462.0
2005-12-30,4017.0
2006-01-06,4036.0
2006-01-13,4131.0
2006-01-20,4250.0
2006-01-27,4167.0
2006-02-03,4226.0
2006-02-10,4226.0
2006-02-17,4358.0
2006-02-24,4255.0
2006-03-03,4356.0
2006-03-10,4438.0
2006-03-17,4076.0
2006-03-24,4078.0
2006-03-31,4039.0
2006-04-07,4269.0
2006-04-14,3995.0
2006-04-21,3899.0
2006-04-28,4171.0
2006-05-05,4199.0
2006-05-12,4125.0
2006-05-19,3940.0
2006-05-26,4142.0
2006-06-02,4016.0
2006-06-09,4080.0
2006-06-16,4087.0
2006-06-23,4091.0
2006-06-30,4122.0
2006-07-07,4182.0
2006-07-14,4160.0
2006-07-21,4151.0
2006-07-28,4073.0
2006-08-04,4024.0
2006-08-11,3906.0
2006-08-18,4105.0
2006-08-25,4236.0
2006-09-01,4166.0
2006-09-08,4049.0
2006-09-15,4135.0
2006-09-22,4141.0
2006-09-29,4219.0
2006-10-06,4323.0
2006-10-13,4525.0
2006-10-20,4279.0
2006-10-27,4590.0
2006-11-03,4364.0
2006-11-10,4603.0
2006-11-17,4210.0
2006-11-24,4236.0
2006-12-01,4275.0
2006-12-08,4300.0
2006-12-15,4325.0
2006-12-22,4351.0
2006-12-29,4147.0
2007-01-05,3979.0
2007-01-12,3978.0
2007-01-19,4107.0
2007-01-26,4540.0
2007-02-02,4651.0
2007-02-09,4709.0
2007-02-16,4734.0
2007-02-23,4710.0
2007-03-02,4498.0
2007-03-09,4476.0
2007-03-16,4462.0
2007-03-23,4348.0
2007-03-30,4288.0
2007-04-06,4308.0
2007-04-13,4428.0
2007-04-20,4260.0
2007-04-27,4289.0
2007-05-04,4134.0
2007-05-11,4092.0
2007-05-18,4161.0
2007-05-25,4335.0
2007-06-01,4084.0
2007-06-08,4079.0
2007-06-15,4086.0
2007-06-22,4391.0
2007-06-29,4010.0
2007-07-06,4036.0
2007-07-13,4109.0
2007-07-20,4043.0
2007-07-27,4110.0
2007-08-03,4110.0
2007-08-10,4158.0
2007-08-17,4288.0
2007-08-24,4199.0
2007-08-31,4215.0
2007-09-07,4067.0
2007-09-14,4030.0
2007-09-21,4067.0
2007-09-28,4275.0
2007-10-05,4467.0
2007-10-12,4163.0
2007-10-19,4276.0
2007-10-26,4156.0
2007-11-02,4238.0
2007-11-09,4520.0
2007-11-16,4603.0
2007-11-23,4330.0
2007-11-30,4252.0
2007-12-07,4340.0
2007-12-14,4692.0
2007-12-21,4652.0
2007-12-28,4340.0
2008-01-04,4223.0
2008-01-11,4216.0
2008-01-18,4347.0
2008-01-25,4206.0
2008-02-01,4169.0
2008-02-08,4196.0
2008-02-15,4825.0
2008-02-22,4249.0
2008-02-29,4322.0
2008-03-07,4020.0
2008-03-14,4342.0
2008-03-21,4227.0
2008-03-28,4232.0
2008-04-04,4465.0
2008-04-11,4068.0
2008-04-18,4360.0
2008-04-25,4136.0
2008-05-02,4188.0
2008-05-09,4124.0
2008-05-16,4185.0
2008-05-23,4078.0
2008-05-30,4114.0
2008-06-06,4025.0
2008-06-13,4070.0
2008-06-20,4040.0
2008-06-27,4287.0
2008-07-04,4272.0
2008-07-11,4126.0
2008-07-18,4077.0
2008-07-25,4199.0
2008-08-01,4152.0
2008-08-08,4406.0
2008-08-15,4087.0
2008-08-22,4188.0
2008-08-29,4348.0
2008-09-05,3895.0
2008-09-12,3728.0
2008-09-19,3732.0
2008-09-26,3888.0
2008-10-03,3928.0
2008-10-10,4004.0
2008-10-17,3976.0
2008-10-24,4037.0
2008-10-31,4030.0
2008-11-07,3925.0
2008-11-14,4056.0
2008-11-21,4086.0
2008-11-28,3892.0
2008-12-05,3672.0
2008-12-12,4090.0
2008-12-19,4102.0
2008-12-26,4310.0
2009-01-02,4318.0
2009-01-09,3654.0
2009-01-16,4082.0
2009-01-23,4258.0
2009-01-30,4220.0
2009-02-06,4115.0
2009-02-13,4359.0
2009-02-20,3988.0
2009-02-27,3764.0
2009-03-06,3784.0
2009-03-13,3721.0
2009-03-20,3928.0
2009-03-27,3653.0
2009-04-03,4065.0
2009-04-10,3769.0
2009-04-17,3452.0
2009-04-24,3441.0
2009-05-01,3446.0
2009-05-08,3625.0
2009-05-15,3641.0
2009-05-22,3636.0
2009-05-29,3455.0
2009-06-05,3572.0
2009-06-12,3384.0
2009-06-19,3383.0
2009-06-26,3257.0
2009-07-03,3039.0
2009-07-10,3439.0
2009-07-17,3455.0
2009-07-24,3265.0
2009-07-31,3426.0
2009-08-07,3198.0
2009-08-14,3466.0
2009-08-21,3412.0
2009-08-28,3497.0
2009-09-04,3482.0
2009-09-11,3355.0
2009-09-18,3303.0
2009-09-25,3409.0
2009-10-02,3527.0
2009-10-09,3557.0
2009-10-16,3487.0
2009-10-23,3637.0
2009-10-30,3570.0
2009-11-06,3543.0
2009-11-13,3602.0
2009-11-20,3661.0
2009-11-27,3579.0
2009-12-04,3320.0
2009-12-11,3792.0
2009-12-18,3988.0
2009-12-25,3656.0
2010-01-01,3546.0
2010-01-08,3614.0
2010-01-15,3823.0
2010-01-22,3725.0
2010-01-29,3659.0
2010-02-05,3696.0
2010-02-12,3787.0
2010-02-19,3662.0
2010-02-26,3829.0
2010-03-05,3645.0
2010-03-12,3762.0
2010-03-19,3809.0
2010-03-26,3646.0
2010-04-02,3637.0
2010-04-09,3583.0
2010-04-16,3466.0
2010-04-23,3597.0
2010-04-30,3895.0
2010-05-07,3890.0
2010-05-14,4086.0
2010-05-21,4021.0
2010-05-28,4031.0
2010-06-04,3903.0
2010-06-11,3845.0
2010-06-18,3784.0
2010-06-25,3550.0
2010-07-02,3949.0
2010-07-09,3527.0
2010-07-16,3358.0
2010-07-23,3599.0
2010-07-30,3464.0
2010-08-06,3400.0
2010-08-13,3674.0
2010-08-20,3628.0
2010-08-27,3927.0
2010-09-03,3932.0
2010-09-10,3842.0
2010-09-17,3689.0
2010-09-24,3899.0
2010-10-01,3724.0
2010-10-08,3704.0
2010-10-15,3954.0
2010-10-22,4064.0
2010-10-29,4106.0
2010-11-05,4394.0
2010-11-12,3780.0
2010-11-19,3804.0
2010-11-26,3668.0
2010-12-03,3664.0
2010-12-10,3771.0
2010-12-17,4049.0
2010-12-24,3991.0
2010-12-31,3735.0
2011-01-07,3569.0
2011-01-14,3611.0
2011-01-21,3710.0
2011-01-28,3891.0
2011-02-04,3682.0
2011-02-11,3979.0
2011-02-18,3654.0
2011-02-25,3697.0
2011-03-04,4206.0
2011-03-11,3910.0
2011-03-18,3771.0
2011-03-25,3637.0
2011-04-01,3672.0
2011-04-08,3800.0
2011-04-15,4112.0
2011-04-22,3737.0
2011-04-29,3893.0
2011-05-06,3769.0
2011-05-13,3620.0
2011-05-20,3984.0
2011-05-27,3846.0
2011-06-03,3802.0
2011-06-10,3604.0
2011-06-17,3419.0
2011-06-24,3552.0
2011-07-01,3743.0
2011-07-08,3324.0
2011-07-15,3402.0
2011-07-22,3458.0
2011-07-29,3998.0
2011-08-05,3946.0
2011-08-12,3553.0
2011-08-19,3850.0
2011-08-26,4086.0
2011-09-02,3853.0
2011-09-09,3658.0
2011-09-16,3875.0
2011-09-23,3818.0
2011-09-30,4100.0
2011-10-07,4068.0
2011-10-14,4183.0
2011-10-21,4249.0
2011-10-28,4374.0
2011-11-04,4362.0
2011-11-11,4189.0
2011-11-18,4069.0
2011-11-25,3240.0
2011-12-02,3920.0
2011-12-09,3953.0
2011-12-16,4400.0
2011-12-23,3804.0
2011-12-30,3528.0
2012-01-06,3279.0
2012-01-13,3635.0
2012-01-20,3886.0
2012-01-27,3736.0
2012-02-03,3436.0
2012-02-10,3811.0
2012-02-17,3324.0
2012-02-24,3673.0
2012-03-02,3545.0
2012-03-09,3832.0
2012-03-16,3217.0
2012-03-23,3596.0
2012-03-30,3597.0
2012-04-06,3932.0
2012-04-13,4016.0
2012-04-20,3796.0
2012-04-27,3550.0
2012-05-04,3957.0
2012-05-11,3648.0
2012-05-18,3608.0
2012-05-25,3860.0
2012-06-01,3379.0
2012-06-08,3685.0
2012-06-15,3505.0
2012-06-22,3827.0
2012-06-29,3849.0
2012-07-06,3244.0
2012-07-13,3366.0
2012-07-20,3482.0
2012-07-27,3746.0
2012-08-03,3790.0
2012-08-10,3569.0
2012-08-17,3561.0
2012-08-24,3563.0
2012-08-31,3221.0
2012-09-07,3269.0
2012-09-14,3685.0
2012-09-21,3704.0
2012-09-28,4092.0
2012-10-05,3822.0
2012-10-12,3879.0
2012-10-19,3526.0
2012-10-26,3543.0
2012-11-02,3589.0
2012-11-09,4106.0
2012-11-16,4201.0
2012-11-23,3837.0
2012-11-30,3544.0
2012-12-07,3500.0
2012-12-14,4214.0
2012-12-21,3711.0
2012-12-28,3256.0
2013-01-04,3086.0
2013-01-11,3446.0
2013-01-18,3372.0
2013-01-25,3721.0
2013-02-01,3624.0
2013-02-08,3942.0
2013-02-15,3808.0
2013-02-22,3502.0
2013-03-01,3857.0
2013-03-08,3348.0
2013-03-15,3580.0
2013-03-22,4222.0
2013-03-29,3881.0
2013-04-05,3852.0
2013-04-12,3626.0
2013-04-19,3588.0
2013-04-26,3665.0
2013-05-03,3664.0
2013-05-10,3577.0
2013-05-17,4220.0
2013-05-24,3816.0
2013-05-31,3751.0
2013-06-07,4078.0
2013-06-14,4015.0
2013-06-21,3894.0
2013-06-28,4450.0
2013-07-05,3843.0
2013-07-12,3817.0
2013-07-19,4309.0
2013-07-26,3977.0
2013-08-02,3874.0
2013-08-09,3611.0
2013-08-16,3612.0
2013-08-23,3842.0
2013-08-30,3804.0
2013-09-06,3523.0
2013-09-13,4051.0
2013-09-20,3581.0
2013-09-27,3831.0
2013-10-04,3826.0
2013-10-11,3731.0
2013-10-18,3330.0
2013-10-25,4156.0
2013-11-01,4512.0
2013-11-08,3790.0
2013-11-15,4333.0
2013-11-22,4024.0
2013-11-29,3550.0
2013-12-06,3304.0
2013-12-13,4089.0
2013-12-20,4171.0
2013-12-27,3314.0
2014-01-03,3022.0
2014-01-10,3724.0
2014-01-17,3779.0
2014-01-24,4524.0
2014-01-31,3940.0
2014-02-07,3675.0
2014-02-14,3623.0
2014-02-21,3617.0
2014-02-28,3546.0
2014-03-07,3697.0
2014-03-14,4159.0
2014-03-21,3476.0
2014-03-28,3795.0
2014-04-04,3927.0
2014-04-11,4165.0
2014-04-18,3834.0
2014-04-25,3909.0
2014-05-02,4325.0
2014-05-09,4271.0
2014-05-16,3791.0
2014-05-23,4201.0
2014-05-30,4157.0
2014-06-06,3883.0
2014-06-13,3811.0
2014-06-20,3646.0
2014-06-27,3778.0
2014-07-04,3966.0
2014-07-11,3733.0
2014-07-18,3917.0
2014-07-25,3833.0
2014-08-01,4034.0
2014-08-08,4030.0
2014-08-15,4002.0
2014-08-22,3645.0
2014-08-29,3947.0
2014-09-05,3403.0
2014-09-12,3830.0
2014-09-19,3750.0
2014-09-26,4117.0
2014-10-03,3498.0
2014-10-10,3710.0
2014-10-17,3309.0
2014-10-24,3926.0
2014-10-31,3480.0
2014-11-07,3967.0
2014-11-14,3794.0
2014-11-21,4120.0
2014-11-28,3574.0
2014-12-05,3466.0
2014-12-12,4240.0
2014-12-19,4304.0
2014-12-26,4235.0
2015-01-02,2865.0
2015-01-09,3943.0
2015-01-16,4524.0
2015-01-23,4567.0
2015-01-30,3684.0
2015-02-06,4300.0
2015-02-13,4250.0
2015-02-20,4282.0
2015-02-27,4053.0
2015-03-06,3758.0
2015-03-13,3774.0
2015-03-20,3966.0
2015-03-27,3820.0
2015-04-03,4215.0
2015-04-10,3807.0
2015-04-17,3855.0
2015-04-24,3993.0
2015-05-01,3879.0
2015-05-08,4524.0
2015-05-15,4161.0
2015-05-22,3955.0
2015-05-29,3523.0
2015-06-05,4115.0
2015-06-12,4117.0
2015-06-19,3608.0
2015-06-26,3904.0
2015-07-03,3794.0
2015-07-10,3465.0
2015-07-17,4004.0
2015-07-24,3628.0
2015-07-31,3780.0
2015-08-07,3545.0
2015-08-14,3895.0
2015-08-21,3601.0
2015-08-28,3761.0
2015-09-04,3565.0
2015-09-11,3482.0
2015-09-18,4322.0
2015-09-25,3762.0
2015-10-02,4191.0
2015-10-09,3618.0
2015-10-16,3819.0
2015-10-23,4261.0
2015-10-30,4006.0
2015-11-06,3813.0
2015-11-13,4157.0
2015-11-20,3700.0
2015-11-27,3646.0
2015-12-04,3268.0
2015-12-11,3521.0
2015-12-18,3995.0
2015-12-25,3633.0
2016-01-01,3034.0
2016-01-08,2832.0
2016-01-15,3678.0
2016-01-22,4005.0
2016-01-29,3524.0
2016-02-05,3162.0
2016-02-12,3482.0
2016-02-19,3704.0
2016-02-26,3364.0
2016-03-04,3706.0
2016-03-11,3870.0
2016-03-18,3373.0
2016-03-25,3848.0
2016-04-01,3609.0
2016-04-08,3853.0
2016-04-15,4276.0
2016-04-22,4122.0
2016-04-29,3946.0
2016-05-06,4014.0
2016-05-13,4326.0
2016-05-20,4088.0
2016-05-27,3827.0
2016-06-03,3576.0
2016-06-10,3817.0
2016-06-17,3902.0
2016-06-24,3998.0
2016-07-01,3933.0
2016-07-08,3206.0
2016-07-15,3920.0
2016-07-22,3856.0
2016-07-29,3605.0
2016-08-05,3937.0
2016-08-12,3488.0
2016-08-19,3790.0
2016-08-26,3838.0
2016-09-02,3688.0
2016-09-09,3276.0
2016-09-16,3431.0
2016-09-23,3772.0
2016-09-30,3875.0
2016-10-07,4266.0
2016-10-14,3987.0
2016-10-21,4166.0
2016-10-28,3863.0
2016-11-04,4043.0
2016-11-11,3944.0
2016-11-18,4121.0
2016-11-25,3841.0
2016-12-02,3704.0
2016-12-09,4030.0
2016-12-16,4549.0
2016-12-23,3967.0
2016-12-30,2792.0
2017-01-06,3198.0
2017-01-13,4095.0
2017-01-20,3645.0
2017-01-27,3809.0
2017-02-03,3910.0
2017-02-10,3853.0
2017-02-17,4292.0
2017-02-24,3813.0
2017-03-03,4091.0
2017-03-10,4409.0
2017-03-17,4012.0
2017-03-24,4222.0
2017-03-31,4098.0
2017-04-07,4635.0
2017-04-14,4177.0
2017-04-21,3667.0
2017-04-28,4256.0
2017-05-05,4139.0
2017-05-12,4215.0
2017-05-19,4359.0
2017-05-26,4025.0
2017-06-02,3505.0
2017-06-09,4045.0
2017-06-16,4158.0
2017-06-23,4029.0
2017-06-30,4322.0
2017-07-07,3858.0
2017-07-14,4334.0
2017-07-21,4376.0
2017-07-28,4140.0
2017-08-04,4510.0
2017-08-11,4222.0
2017-08-18,4077.0
2017-08-25,3910.0
2017-09-01,4063.0
2017-09-08,4057.0
2017-09-15,4264.0
2017-09-22,3746.0
2017-09-29,4007.0
2017-10-06,3648.0
2017-10-13,3477.0
2017-10-20,4101.0
2017-10-27,3534.0
2017-11-03,4486.0
2017-11-10,4029.0
2017-11-17,4057.0
2017-11-24,3882.0
2017-12-01,3737.0
2017-12-08,4380.0
2017-12-15,3926.0
2017-12-22,4326.0
2017-12-29,3588.0
2018-01-05,3655.0
2018-01-12,4738.0
2018-01-19,3847.0
2018-01-26,4470.0
2018-02-02,3778.0
2018-02-09,4082.0
2018-02-16,4224.0
2018-02-23,3921.0
2018-03-02,3926.0
2018-03-09,3832.0
2018-03-16,3917.0
2018-03-23,4375.0
2018-03-30,3887.0
2018-04-06,4170.0
2018-04-13,4356.0
2018-04-20,3749.0
2018-04-27,4485.0
2018-05-04,4307.0
2018-05-11,4222.0
2018-05-18,3637.0
2018-05-25,4319.0
2018-06-01,3502.0
2018-06-08,4404.0
2018-06-15,3825.0
2018-06-22,3612.0
2018-06-29,4126.0
2018-07-06,3805.0
2018-07-13,4141.0
2018-07-20,4167.0
2018-07-27,3611.0
2018-08-03,4002.0
2018-08-10,3959.0
2018-08-17,4065.0
2018-08-24,4437.0
2018-08-31,4290.0
2018-09-07,3288.0
2018-09-14,4152.0
2018-09-21,4291.0
2018-09-28,3877.0
2018-10-05,4629.0
2018-10-12,3793.0
2018-10-19,4006.0
2018-10-26,4426.0
2018-11-02,4318.0
2018-11-09,4633.0
2018-11-16,4270.0
2018-11-23,3569.0
2018-11-30,4037.0
2018-12-07,4469.0
2018-12-14,4886.0
2018-12-21,4242.0
2018-12-28,3203.0
2019-01-04,2955.0
2019-01-11,4449.0
2019-01-18,4668.0
2019-01-25,4122.0
2019-02-01,4673.0
2019-02-08,3767.0
2019-02-15,4216.0
2019-02-22,4076.0
2019-03-01,4145.0
2019-03-08,3953.0
2019-03-15,4706.0
2019-03-22,4216.0
2019-03-29,4156.0
2019-04-05,3779.0
2019-04-12,3353.0
2019-04-19,3796.0
2019-04-26,4215.0
2019-05-03,3896.0
2019-05-10,4094.0
2019-05-17,3787.0
2019-05-24,4282.0
2019-05-31,3387.0
2019-06-07,4368.0
2019-06-14,4061.0
2019-06-21,3968.0
2019-06-28,3828.0
2019-07-05,3551.0
2019-07-12,3565.0
2019-07-19,4264.0
2019-07-26,3885.0
2019-08-02,3886.0
2019-08-09,3859.0
2019-08-16,3758.0
2019-08-23,4048.0
2019-08-30,4134.0
2019-09-06,3804.0
2019-09-13,3859.0
2019-09-20,3897.0
2019-09-27,3960.0
2019-10-04,4036.0
2019-10-11,4366.0
2019-10-18,4076.0
2019-10-25,4263.0
2019-11-01,4296.0
2019-11-08,4534.0
2019-11-15,4323.0
2019-11-22,4393.0
2019-11-29,3556.0
2019-12-06,3731.0
2019-12-13,4120.0
2019-12-20,4214.0
2019-12-27,3055.0
2020-01-03,3373.0
2020-01-10,3185.0
2020-01-17,4389.0
2020-01-24,3901.0
2020-01-31,4211.0
2020-02-07,3820.0
2020-02-14,3728.0
2020-02-21,4119.0
2020-02-28,3919.0
2020-03-06,4398.0
2020-03-13,4013.0
2020-03-20,3795.0
2020-03-27,3907.0
2020-04-03,3807.0
2020-04-10,2757.0
2020-04-17,3128.0
2020-04-24,3164.0
2020-05-01,3129.0
2020-05-08,3818.0
2020-05-15,3668.0
2020-05-22,3266.0
2020-05-29,2718.0
2020-06-05,3302.0
2020-06-12,3555.0
2020-06-19,3466.0
2020-06-26,3778.0
2020-07-03,3019.0
2020-07-10,3692.0
2020-07-17,3223.0
2020-07-24,3635.0
2020-07-31,3700.0
2020-08-07,3862.0
2020-08-14,3253.0
2020-08-21,3958.0
2020-08-28,3918.0
2020-09-04,3713.0
2020-09-11,2809.0
2020-09-18,3959.0
2020-09-25,3655.0
2020-10-02,3868.0
2020-10-09,4175.0
2020-10-16,3588.0
2020-10-23,4240.0
2020-10-30,3762.0
2020-11-06,4054.0
2020-11-13,4225.0
2020-11-20,4175.0
2020-11-27,3789.0
2020-12-04,3389.0
2020-12-11,4002.0
2020-12-18,4174.0
2020-12-25,3594.0
2021-01-01,2941.0
2021-01-08,3609.0
2021-01-15,3821.0
2021-01-22,4300.0
2021-01-29,4198.0
2021-02-05,4308.0
2021-02-12,4454.0
2021-02-19,3932.0
2021-02-26,3788.0
2021-03-05,4487.0
2021-03-12,4028.0
2021-03-19,3592.0
2021-03-26,4113.0
2021-04-02,3664.0
2021-04-09,4128.0
2021-04-16,3854.0
2021-04-23,4330.0
2021-04-30,4125.0
2021-05-07,3968.0
2021-05-14,4058.0
2021-05-21,4461.0
2021-05-28,3813.0
2021-06-04,3413.0
2021-06-11,4336.0
2021-06-18,3947.0
2021-06-25,4170.0
2021-07-02,3840.0
2021-07-09,3164.0
2021-07-16,3925.0
2021-07-23,4356.0
2021-07-30,3618.0
2021-08-06,3734.0
2021-08-13,4323.0
2021-08-20,4104.0
2021-08-27,4390.0
2021-09-03,3685.0
2021-09-10,3795.0
2021-09-17,4424.0
2021-09-24,3973.0
2021-10-01,4365.0
2021-10-08,3932.0
2021-10-15,4278.0
2021-10-22,3869.0
2021-10-29,3686.0
2021-11-05,4280.0
2021-11-12,4350.0
2021-11-19,4391.0
2021-11-26,4209.0
2021-12-03,3578.0
2021-12-10,4896.0
2021-12-17,3822.0
2021-12-24,4051.0
2021-12-31,3739.0
2022-01-07,3749.0
2022-01-14,4556.0
2022-01-21,4754.0
2022-01-28,4669.0
2022-02-04,4296.0
2022-02-11,4321.0
2022-02-18,4233.0
2022-02-25,4450.0
2022-03-04,4587.0
2022-03-11,3704.0
2022-03-18,4516.0
2022-03-25,3804.0
2022-04-01,3647.0
2022-04-08,3484.0
2022-04-15,3822.0
2022-04-22,3834.0
2022-04-29,3956.0
2022-05-06,3777.0
2022-05-13,3816.0
2022-05-20,3867.0
2022-05-27,3969.0
2022-06-03,3650.0
2022-06-10,3619.0
2022-06-17,3862.0
2022-06-24,3568.0
2022-07-01,4382.0
2022-07-08,3368.0
2022-07-15,3697.0
2022-07-22,3750.0
2022-07-29,3877.0
2022-08-05,3724.0
2022-08-12,3925.0
2022-08-19,3888.0
2022-08-26,3566.0
2022-09-02,3624.0
2022-09-09,3132.0
2022-09-16,3409.0
2022-09-23,4178.0
2022-09-30,4105.0
2022-10-07,4370.0
2022-10-14,4072.0
2022-10-21,3878.0
2022-10-28,4257.0
2022-11-04,4161.0
2022-11-11,3863.0
2022-11-18,3846.0
2022-11-25,3656.0
2022-12-02,3550.0
2022-12-09,3768.0
2022-12-16,4015.0
2022-12-23,3880.0
2022-12-30,2799.0
2023-01-06,3821.0
2023-01-13,4024.0
2023-01-20,3878.0
2023-01-27,3692.0
2023-02-03,3762.0
2023-02-10,3894.0
2023-02-17,3771.0
2023-02-24,3835.0
2023-03-03,3514.0
2023-03-10,3736.0
2023-03-17,3974.0
2023-03-24,3713.0
2023-03-31,4240.0
2023-04-07,3763.0
2023-04-14,3765.0
2023-04-21,3728.0
2023-04-28,3872.0
2023-05-05,4035.0
2023-05-12,3736.0
2023-05-19,4198.0
2023-05-26,3646.0
2023-06-02,3814.0
2023-06-09,3574.0
2023-06-16,3978.0
2023-06-23,3314.0
2023-06-30,3811.0
2023-07-07,2969.0
2023-07-14,3669.0
2023-07-21,3718.0
2023-07-28,3826.0
2023-08-04,3762.0
2023-08-11,3648.0
2023-08-18,3836.0
2023-08-25,3702.0
2023-09-01,3866.0
2023-09-08,3578.0
2023-09-15,4166.0
2023-09-22,3972.0
2023-09-29,3815.0
2023-10-06,3670.0
2023-10-13,4416.0
2023-10-20,4069.0
2023-10-27,3682.0
2023-11-03,4298.0
2023-11-10,4109.0
2023-11-17,4110.0
2023-11-24,3014.0
2023-12-01,3756.0
2023-12-08,3770.0
2023-12-15,3823.0
2023-12-22,3977.0
2023-12-29,2658.0
2024-01-05,3432.0
2024-01-12,3645.0
2024-01-19,3784.0
2024-01-26,3757.0
2024-02-02,3817.0
2024-02-09,3514.0
2024-02-16,3940.0
2024-02-23,3536.0
2024-03-01,4074.0
2024-03-08,3375.0
2024-03-15,3786.0
2024-03-22,4028.0
2024-03-29,3495.0
2024-04-05,2985.0
2024-04-12,3666.0
2024-04-19,3552.0
2024-04-26,3678.0
2024-05-03,3489.0
2024-05-10,3831.0
2024-05-17,3883.0
2024-05-24,3795.0
2024-05-31,3367.0
2024-06-07,3649.0
2024-06-14,3977.0
2024-06-21,3536.0
2024-06-28,3715.0
2024-07-05,3466.0
2024-07-12,3585.0
2024-07-19,3861.0
2024-07-26,3725.0
2024-08-02,3469.0
2024-08-09,3549.0
2024-08-16,3576.0
2024-08-23,3822.0
2024-08-30,3997.0
2024-09-06,3558.0
2024-09-13,3798.0
2024-09-20,4022.0
2024-09-27,3638.0
2024-10-04,4031.0
2024-10-11,4212.0
2024-10-18,4131.0
2024-10-25,3881.0
2024-11-01,3406.0
2024-11-08,4098.0
2024-11-15,3775.0
2024-11-22,3718.0
2024-11-29,3398.0
2024-12-06,3450.0
2024-12-13,4498.0
2024-12-20,4253.0
2024-12-27,3232.0
2025-01-03,3178.0
2025-01-10,3839.0
2025-01-17,4108.0
2025-01-24,4506.0
2025-01-31,4599.0
2025-02-07,3685.0
2025-02-14,4364.0
2025-02-21,4097.0
2025-02-28,3991.0
2025-03-07,3898.0
2025-03-14,4010.0
2025-03-21,3636.0
2025-03-28,3679.0
2025-04-04,4006.0
2025-04-11,3858.0
2025-04-18,3903.0
2025-04-25,3550.0
2025-05-02,3521.0
2025-05-09,3777.0
2025-05-16,3412.0
2025-05-23,3893.0
2025-05-30,3151.0
2025-06-06,3376.0
2025-06-13,3746.0
2025-06-20,3794.0
2025-06-27,4043.0
2025-07-04,3668.0
2025-07-11,3423.0
2025-07-18,3343.0
2025-07-25,3605.0
2025-08-01,3720.0
2025-08-08,3701.0
2025-08-15,3967.0
2025-08-22,4141.0
2025-08-29,3768.0
2025-09-05,3377.0
2025-09-12,3621.0
2025-09-19,3738.0
2025-09-26,3617.0
2025-10-03,4346.0
2025-10-10,4233.0
2025-10-17,3847.0
2025-10-24,3580.0
2025-10-31,3710.0
2025-11-07,4018.0
2025-11-14,3882.0
2025-11-21,3362.0
2025-11-28,3430.0
2025-12-05,4158.0
2025-12-12,3786.0
2025-12-19,4156.0
2025-12-26,3379.0
2026-01-02,3195.0
2026-01-09,4096.0
2026-01-16,3524.0
2026-01-23,4069.0
2026-01-30,4310.0
2026-02-06,4449.0
2026-02-13,4753.0
2026-02-20,3895.0
2026-02-27,3698.0
2026-03-06,4065.0
2026-03-13,4399.0
2026-03-20,3568.0
2026-03-27,4039.0
2026-04-03,4060.0
2026-04-10,3840.0
2026-04-17,4032.0
2026-04-24,4113.0
2026-05-01,3362.0
2026-05-08,3428.0
2026-05-15,3552.0
2026-05-22,3948.0
2026-05-29,3468.0
2026-06-05,3864.0
2026-06-12,3659.0
2026-06-19,3533.0
2026-06-26,3614.0
2026-07-03,4307.0
2026-07-10,3156.0
2026-07-17,3718.0
2026-07-24,3524.0
2026-07-31,3941.0
2026-08-07,3458.0
2026-08-14,3953.0
2026-08-21,3839.0
2026-08-28,3390.0
