date,value,entered_utc,source
2026-08-21,73.4,2026-08-22T14:23:47,manual
2026-08-21,73.4,2026-08-22T15:05:12,manual
2026-08-24,73.98,2026-08-25T19:19:40,manual
2026-09-28,101.82,2026-09-29T20:48:30,manual
2026-09-29,106.6,2026-09-29T20:48:30,manual
2026-09-30,110.45,2026-10-01T06:00:59,manual
2026-10-01,108.13,2026-10-04T20:33:37,manual
2026-10-02,107.29,2026-10-04T20:33:37,manual
2026-10-05,113.65,2026-10-05T20:33:08,manual
2026-10-06,105.2,2026-10-06T20:43:00,manual
2026-10-07,102.56,2026-10-07T20:35:43,manual
2026-10-08,100.7,2026-10-08T22:06:07,manual
2026-10-09,98.47,2026-10-09T22:31:37,manual
