date,value
2018-02-01,38.57624
2018-02-02,39.92783
2018-02-05,42.751177
2018-02-06,53.151224
2018-02-07,53.151224
2018-02-08,52.137167
2018-02-09,51.888545
2018-02-12,52.643488
2018-02-13,52.894831
2018-02-14,54.621858
2018-02-15,59.195661
2018-02-16,58.587586
2018-02-20,60.563407
2018-02-21,60.481228
2018-02-22,60.825635
2018-02-23,62.077456
2018-02-26,63.888472
2018-02-27,64.533957
2018-02-28,64.533957
2018-03-01,65.573743
2018-03-02,69.572908
2018-03-05,68.598604
2018-03-06,65.674797
2018-03-07,59.947082
2018-03-08,59.730976
2018-03-09,58.474286
2018-03-12,60.035516
2018-03-13,60.634539
2018-03-14,60.700126
2018-03-15,60.700126
2018-03-16,52.894831
2018-03-19,54.231958
2018-03-20,53.250945
2018-03-21,55.105354
2018-03-22,50.430254
2018-03-23,54.134044
2018-03-26,52.548925
2018-03-27,53.393968
2018-03-28,56.513436
2018-03-29,55.828685
2018-04-02,52.844658
2018-04-03,48.935296
2018-04-04,53.641794
2018-04-05,53.641794
2018-04-06,55.733577
2018-04-09,58.604562
2018-04-10,56.513436
2018-04-11,56.484092
2018-04-12,55.680007
2018-04-13,56.630659
2018-04-16,56.654075
2018-04-17,55.685962
2018-04-18,55.775207
2018-04-19,56.864382
2018-04-20,59.680994
2018-04-23,56.484092
2018-04-24,56.325371
2018-04-25,55.917703
2018-04-26,48.280431
2018-04-27,50.007684
2018-04-30,51.219651
2018-05-01,51.219651
2018-05-02,48.011841
2018-05-03,48.011841
2018-05-04,48.444977
2018-05-07,41.810097
2018-05-08,41.928887
2018-05-09,41.928887
2018-05-10,41.992105
2018-05-11,42.81318
2018-05-14,42.431989
2018-05-15,43.175651
2018-05-16,49.427459
2018-05-17,47.456129
2018-05-18,45.333501
2018-05-21,48.451821
2018-05-22,48.149766
2018-05-23,47.790332
2018-05-24,50.173174
2018-05-25,50.173174
2018-05-29,51.316664
2018-05-30,76.201119
2018-05-31,80.66128
2018-06-01,80.6325
2018-06-04,83.505121
2018-06-05,85.482962
2018-06-06,85.761788
2018-06-07,87.404685
2018-06-08,87.749224
2018-06-11,87.191984
2018-06-12,87.930415
2018-06-13,87.191984
2018-06-14,82.164149
2018-06-15,82.867364
2018-06-18,82.228693
2018-06-19,80.796821
2018-06-20,81.153072
2018-06-21,82.93136
2018-06-22,81.836615
2018-06-25,81.336727
2018-06-26,80.137513
2018-06-27,54.621858
2018-06-28,52.390939
2018-06-29,52.390939
2018-07-02,47.651365
2018-07-03,44.387409
2018-07-05,45.91491
2018-07-06,41.61136
2018-07-09,40.052203
2018-07-10,43.175651
2018-07-11,41.675059
2018-07-12,41.992105
2018-07-13,40.968923
2018-07-16,39.384341
2018-07-17,40.357351
2018-07-18,40.586749
2018-07-19,40.052203
2018-07-20,39.384341
2018-07-23,42.619121
2018-07-24,49.427459
2018-07-25,48.149766
2018-07-26,48.342201
2018-07-27,45.741263
2018-07-30,46.752202
2018-07-31,46.999776
2018-08-01,47.616561
2018-08-02,46.145422
2018-08-03,47.232014
2018-08-06,48.115322
2018-08-07,46.752202
2018-08-08,48.444977
2018-08-09,48.444977
2018-08-10,50.040825
2018-08-13,54.408978
2018-08-14,54.085021
2018-08-15,54.085021
2018-08-16,54.724958
2018-08-17,52.844658
2018-08-20,49.641663
2018-08-21,44.929418
2018-08-22,46.780563
2018-08-23,47.595665
2018-08-24,44.484415
2018-08-27,44.335088
2018-08-28,45.27495
2018-08-29,46.752202
2018-08-30,44.147719
2018-08-31,44.722301
2018-09-04,43.846263
2018-09-05,46.524696
2018-09-06,43.82357
2018-09-07,43.82357
2018-09-10,48.170421
2018-09-11,42.556835
2018-09-12,44.454589
2018-09-13,44.722301
2018-09-14,42.929195
2018-09-17,43.214033
2018-09-18,43.214033
2018-09-19,41.928887
2018-09-20,41.928887
2018-09-21,39.853019
2018-09-24,39.853019
2018-09-25,39.594258
2018-09-26,39.181763
2018-09-27,42.751177
2018-09-28,42.86736
2018-10-01,41.033619
2018-10-02,42.244028
2018-10-03,44.566331
2018-10-04,55.201545
2018-10-05,54.621858
2018-10-09,52.894831
2018-10-10,54.085021
2018-10-11,53.176172
2018-10-12,62.077456
2018-10-15,61.997283
2018-10-16,61.863432
2018-10-17,61.863432
2018-10-18,59.419295
2018-10-19,59.502941
2018-10-22,59.902816
2018-10-23,59.902816
2018-10-24,61.260187
2018-10-25,66.357881
2018-10-26,66.03731
2018-10-29,69.844037
2018-10-30,69.72525
2018-10-31,69.72525
2018-11-01,68.617935
2018-11-02,58.830443
2018-11-05,63.971457
2018-11-06,62.715145
2018-11-07,62.757428
2018-11-08,62.656961
2018-11-09,55.351508
2018-11-13,58.632845
2018-11-14,61.352133
2018-11-15,61.718546
2018-11-16,60.590776
2018-11-19,61.043298
2018-11-20,59.864057
2018-11-21,59.864057
2018-11-23,59.279623
2018-11-26,54.231958
2018-11-27,52.593075
2018-11-28,48.287298
2018-11-29,48.287298
2018-11-30,46.773474
2018-12-03,45.223655
2018-12-04,45.951004
2018-12-06,38.013433
2018-12-07,38.978132
2018-12-10,36.518633
2018-12-11,36.518633
2018-12-12,39.853019
2018-12-13,40.027359
2018-12-14,37.943587
2018-12-17,37.943587
2018-12-18,38.498804
2018-12-19,39.257852
2018-12-20,41.355583
2018-12-21,42.86736
2018-12-24,42.86736
2018-12-26,44.744538
2018-12-27,52.800718
2018-12-28,53.641794
2018-12-31,54.773409
2019-01-02,54.773409
2019-01-03,54.960752
2019-01-04,62.210847
2019-01-07,74.919747
2019-01-08,75.567537
2019-01-09,76.63502
2019-01-10,76.820844
2019-01-11,74.968414
2019-01-14,74.635959
2019-01-15,74.635959
2019-01-16,74.862189
2019-01-17,74.684811
2019-01-18,74.150132
2019-01-22,73.543972
2019-01-23,75.321417
2019-01-24,75.742847
2019-01-25,74.972837
2019-01-28,71.897954
2019-01-29,70.599538
2019-01-30,69.099471
2019-01-31,68.613103
2019-02-01,72.339332
2019-02-04,66.577379
2019-02-05,55.255578
2019-02-06,54.864138
2019-02-07,53.839234
2019-02-08,56.295929
2019-02-11,56.531035
2019-02-12,56.442985
2019-02-13,57.646199
2019-02-14,58.604562
2019-02-15,60.999827
2019-02-19,60.387956
2019-02-20,58.064574
2019-02-21,55.822746
2019-02-22,57.415659
2019-02-25,57.415659
2019-02-26,55.822746
2019-02-27,56.531035
2019-02-28,59.010525
2019-03-01,60.344014
2019-03-04,54.815768
2019-03-05,51.734952
2019-03-06,50.587808
2019-03-07,51.219651
2019-03-08,54.042089
2019-03-11,51.574473
2019-03-12,51.625881
2019-03-13,52.168956
2019-03-14,50.79712
2019-03-15,50.040825
2019-03-18,48.935296
2019-03-19,49.158391
2019-03-20,49.293108
2019-03-21,54.864138
2019-03-22,52.238824
2019-03-25,60.825635
2019-03-26,59.753177
2019-03-27,59.458345
2019-03-28,54.870182
2019-03-29,51.271414
2019-04-01,50.166565
2019-04-02,60.12382
2019-04-03,59.974732
2019-04-04,62.290744
2019-04-05,60.344014
2019-04-08,60.151388
2019-04-09,60.151388
2019-04-10,59.508513
2019-04-11,60.12382
2019-04-12,60.809279
2019-04-15,62.503305
2019-04-16,62.418368
2019-04-17,65.040635
2019-04-18,59.814186
2019-04-22,60.344014
2019-04-23,47.16879
2019-04-24,47.790332
2019-04-25,49.775073
2019-04-26,48.826761
2019-04-29,50.568141
2019-04-30,51.057553
2019-05-01,44.573771
2019-05-02,44.484415
2019-05-03,43.481757
2019-05-06,43.481757
2019-05-07,44.744538
2019-05-08,48.935296
2019-05-09,51.219651
2019-05-10,52.086264
2019-05-13,51.400594
2019-05-14,52.926165
2019-05-15,53.839234
2019-05-16,51.574473
2019-05-17,53.641794
2019-05-20,53.499434
2019-05-21,53.499434
2019-05-22,54.286957
2019-05-23,54.286957
2019-05-24,59.680994
2019-05-28,59.725424
2019-05-29,60.371482
2019-05-30,60.085203
2019-05-31,59.730976
2019-06-03,61.476311
2019-06-04,63.763791
2019-06-05,68.806135
2019-06-06,67.403967
2019-06-07,64.384781
2019-06-10,64.038804
2019-06-11,68.598604
2019-06-12,65.73031
2019-06-13,64.631506
2019-06-14,63.555446
2019-06-17,61.476311
2019-06-18,61.697053
2019-06-19,60.475745
2019-06-20,58.948684
2019-06-21,58.474286
2019-06-24,60.195471
2019-06-25,61.048729
2019-06-26,58.74584
2019-06-27,62.868283
2019-06-28,63.388277
2019-07-01,57.835702
2019-07-02,54.164661
2019-07-03,53.051316
2019-07-05,53.176172
2019-07-08,61.675552
2019-07-09,61.070451
2019-07-10,57.213175
2019-07-11,57.213175
2019-07-12,61.157261
2019-07-15,60.261535
2019-07-16,61.157261
2019-07-17,62.78384
2019-07-18,66.954816
2019-07-19,66.452753
2019-07-22,66.077466
2019-07-23,62.42368
2019-07-24,60.525071
2019-07-25,61.130146
2019-07-26,59.458345
2019-07-29,57.415659
2019-07-30,57.835702
2019-07-31,56.95178
2019-08-01,55.852437
2019-08-02,70.449086
2019-08-05,64.307485
2019-08-06,73.109867
2019-08-07,71.939448
2019-08-08,71.662366
2019-08-09,66.452753
2019-08-12,67.918527
2019-08-13,72.398895
2019-08-14,71.342392
2019-08-15,73.431171
2019-08-16,75.237728
2019-08-19,76.82516
2019-08-20,80.923941
2019-08-21,78.999867
2019-08-22,82.422021
2019-08-23,82.422021
2019-08-26,86.27447
2019-08-27,87.919102
2019-08-28,87.749224
2019-08-29,87.688744
2019-08-30,82.727199
2019-09-03,82.663045
2019-09-04,75.413806
2019-09-05,75.536816
2019-09-06,85.424759
2019-09-09,85.296572
2019-09-10,90.458307
2019-09-11,90.721842
2019-09-12,90.721842
2019-09-13,84.472356
2019-09-16,86.012729
2019-09-17,90.311566
2019-09-18,90.60481
2019-09-19,88.141334
2019-09-20,87.858738
2019-09-23,90.006316
2019-09-24,81.597214
2019-09-25,87.480524
2019-09-26,89.888352
2019-09-27,90.428978
2019-09-30,90.458307
2019-10-01,90.667002
2019-10-02,90.667002
2019-10-03,93.031574
2019-10-04,88.950193
2019-10-07,88.950193
2019-10-08,85.140936
2019-10-09,77.751832
2019-10-10,79.389248
2019-10-11,83.746987
2019-10-15,80.302848
2019-10-16,77.986031
2019-10-17,77.615245
2019-10-18,77.70064
2019-10-21,77.645144
2019-10-22,76.756073
2019-10-23,76.756073
2019-10-24,70.482025
2019-10-25,63.20493
2019-10-28,62.762711
2019-10-29,64.451695
2019-10-30,64.451695
2019-10-31,67.600452
2019-11-01,73.286532
2019-11-04,70.142487
2019-11-05,71.416716
2019-11-06,73.652098
2019-11-07,76.266361
2019-11-08,82.771276
2019-11-12,79.334933
2019-11-13,74.742505
2019-11-14,76.647999
2019-11-15,79.66859
2019-11-18,79.855659
2019-11-19,80.759878
2019-11-20,79.868115
2019-11-21,82.385806
2019-11-22,83.683615
2019-11-25,83.683615
2019-11-26,82.983321
2019-11-27,80.858356
2019-11-29,81.804195
2019-12-02,79.121492
2019-12-03,73.399555
2019-12-04,83.123054
2019-12-05,82.228693
2019-12-06,78.802351
2019-12-09,78.155917
2019-12-10,66.850737
2019-12-11,66.850737
2019-12-12,69.53477
2019-12-13,79.606136
2019-12-16,81.921657
2019-12-17,85.389818
2019-12-18,84.535138
2019-12-19,84.515523
2019-12-20,80.858356
2019-12-23,80.100266
2019-12-24,80.054718
2019-12-26,80.960809
2019-12-27,80.385388
2019-12-30,80.529628
2019-12-31,80.681831
2020-01-02,79.201077
2020-01-03,69.022651
2020-01-06,73.791527
2020-01-07,73.105331
2020-01-08,72.008552
2020-01-09,73.309151
2020-01-10,73.381483
2020-01-13,70.35489
2020-01-14,58.241331
2020-01-15,51.760582
2020-01-16,45.632398
2020-01-17,46.467646
2020-01-21,46.467646
2020-01-22,50.489394
2020-01-23,50.430254
2020-01-24,50.587808
2020-01-27,51.245539
2020-01-28,58.377808
2020-01-29,61.433147
2020-01-30,61.697053
2020-01-31,60.475745
2020-02-03,61.863432
2020-02-04,59.64209
2020-02-05,66.157706
2020-02-06,68.767572
2020-02-07,66.337891
2020-02-10,68.540576
2020-02-11,68.767572
2020-02-12,69.501382
2020-02-13,70.805887
2020-02-14,70.411423
2020-02-18,69.653881
2020-02-19,68.613103
2020-02-20,66.935004
2020-02-21,67.718069
2020-02-24,69.558608
2020-02-25,72.910038
2020-02-26,68.791676
2020-02-27,66.03731
2020-02-28,65.045733
2020-03-02,85.191549
2020-03-03,84.074967
2020-03-04,84.378096
2020-03-05,77.165373
2020-03-06,75.00821
2020-03-09,89.722203
2020-03-10,105.157776
2020-03-11,142.91698
2020-03-12,145.243643
2020-03-13,147.493158
2020-03-16,151.238153
2020-03-17,163.527303
2020-03-18,201.80483
2020-03-19,212.161507
2020-03-20,212.542503
2020-03-23,221.651505
2020-03-24,225.965717
2020-03-25,229.204505
2020-03-26,230.209173
2020-03-27,230.404975
2020-03-30,226.292708
2020-03-31,226.264866
2020-04-01,225.230829
2020-04-02,226.264866
2020-04-03,224.468425
2020-04-06,215.787615
2020-04-07,203.89711
2020-04-08,190.039248
2020-04-09,188.877153
2020-04-13,187.820883
2020-04-14,186.689385
2020-04-15,170.917432
2020-04-16,138.914476
2020-04-17,121.692148
2020-04-20,123.423661
2020-04-21,104.347446
2020-04-22,90.37396
2020-04-23,87.020687
2020-04-24,84.985014
2020-04-27,83.885448
2020-04-28,80.100266
2020-04-29,81.662205
2020-04-30,81.804195
2020-05-01,76.721506
2020-05-04,76.647999
2020-05-05,76.548437
2020-05-06,74.720321
2020-05-07,72.155753
2020-05-08,78.126214
2020-05-11,80.550213
2020-05-12,81.153072
2020-05-13,82.289156
2020-05-14,69.953142
2020-05-15,69.653881
2020-05-18,68.2254
2020-05-19,74.902041
2020-05-20,73.272958
2020-05-21,71.897954
2020-05-22,71.416716
2020-05-26,71.754846
2020-05-27,68.113528
2020-05-28,65.573743
2020-05-29,65.810973
2020-06-01,68.419526
2020-06-02,68.501863
2020-06-03,68.830226
2020-06-04,75.426995
2020-06-05,74.547053
2020-06-08,71.439927
2020-06-09,70.894807
2020-06-10,72.008552
2020-06-11,78.126214
2020-06-12,82.871365
2020-06-15,84.535138
2020-06-16,84.515523
2020-06-17,79.439351
2020-06-18,78.718151
2020-06-19,79.167577
2020-06-22,79.272216
2020-06-23,78.932683
2020-06-24,78.325434
2020-06-25,79.033437
2020-06-26,78.768682
2020-06-29,78.020038
2020-06-30,77.922228
2020-07-01,77.922228
2020-07-02,71.25403
2020-07-06,68.346794
2020-07-07,58.474286
2020-07-08,59.010525
2020-07-09,59.010525
2020-07-10,53.095049
2020-07-13,44.44713
2020-07-14,40.31625
2020-07-15,40.357351
2020-07-16,37.309093
2020-07-17,37.636488
2020-07-20,37.592412
2020-07-21,37.987255
2020-07-22,37.671712
2020-07-23,37.282421
2020-07-24,36.236068
2020-07-27,36.226916
2020-07-28,35.645624
2020-07-29,37.095183
2020-07-30,36.199448
2020-07-31,34.96946
2020-08-03,35.035771
2020-08-04,35.035771
2020-08-05,35.035771
2020-08-06,36.199448
2020-08-07,32.277253
2020-08-10,31.073427
2020-08-11,32.112467
2020-08-12,36.951889
2020-08-13,40.839223
2020-08-14,40.381992
2020-08-17,39.985919
2020-08-18,39.985919
2020-08-19,40.586749
2020-08-20,40.357351
2020-08-21,41.873494
2020-08-24,42.118255
2020-08-25,40.968923
2020-08-26,41.3636
2020-08-27,41.033619
2020-08-28,41.675059
2020-08-31,41.675059
2020-09-01,42.967797
2020-09-02,42.967797
2020-09-03,43.237046
2020-09-04,45.017891
2020-09-08,54.231958
2020-09-09,55.590609
2020-09-10,53.344264
2020-09-11,51.625881
2020-09-14,51.141908
2020-09-15,51.316664
2020-09-16,50.849313
2020-09-17,50.436829
2020-09-18,50.324944
2020-09-21,49.097647
2020-09-22,49.561445
2020-09-23,49.474395
2020-09-24,47.3372
2020-09-25,47.456129
2020-09-28,43.519868
2020-09-29,43.785722
2020-09-30,43.428344
2020-10-01,42.619121
2020-10-02,42.126126
2020-10-05,40.968923
2020-10-06,38.230878
2020-10-07,37.237926
2020-10-08,40.390202
2020-10-09,40.390202
2020-10-13,40.027359
2020-10-14,44.633242
2020-10-15,44.862949
2020-10-16,44.862949
2020-10-19,45.27495
2020-10-20,45.603324
2020-10-21,45.566955
2020-10-22,45.741263
2020-10-23,47.056181
2020-10-26,47.734794
2020-10-27,50.430254
2020-10-28,51.348961
2020-10-29,51.057553
2020-10-30,53.919238
2020-11-02,54.017541
2020-11-03,54.329695
2020-11-04,48.149766
2020-11-05,65.330576
2020-11-06,62.847183
2020-11-09,63.471917
2020-11-10,77.986031
2020-11-12,74.919747
2020-11-13,84.60963
2020-11-16,84.60963
2020-11-17,84.60963
2020-11-18,86.101348
2020-11-19,85.606997
2020-11-20,85.761788
2020-11-23,85.191549
2020-11-24,85.637977
2020-11-25,84.515523
2020-11-27,84.074967
2020-11-30,85.545002
2020-12-01,82.803318
2020-12-02,87.039737
2020-12-03,87.465362
2020-12-04,87.692525
2020-12-07,76.647999
2020-12-08,77.917973
2020-12-09,77.50837
2020-12-10,62.757428
2020-12-11,63.099921
2020-12-14,52.245171
2020-12-15,52.137167
2020-12-16,52.137167
2020-12-17,49.901482
2020-12-18,50.226015
2020-12-21,49.527983
2020-12-22,47.873518
2020-12-23,47.838874
2020-12-24,48.424439
2020-12-28,49.158391
2020-12-29,46.49618
2020-12-30,46.49618
2020-12-31,37.309093
2021-01-04,35.645624
2021-01-05,33.959264
2021-01-06,30.676066
2021-01-07,40.060481
2021-01-08,40.749814
2021-01-11,42.751177
2021-01-12,40.31625
2021-01-13,38.841784
2021-01-14,44.603517
2021-01-15,46.716728
2021-01-19,50.0607
2021-01-20,50.357877
2021-01-21,50.430254
2021-01-22,50.535345
2021-01-25,50.535345
2021-01-26,53.888481
2021-01-27,53.144985
2021-01-28,53.400177
2021-01-29,54.085021
2021-02-01,54.966784
2021-02-02,55.852437
2021-02-03,56.295929
2021-02-04,56.295929
2021-02-05,49.795054
2021-02-08,49.795054
2021-02-09,46.950366
2021-02-10,46.716728
2021-02-11,48.039457
2021-02-12,44.335088
2021-02-16,43.052599
2021-02-17,52.390939
2021-02-18,52.390939
2021-02-19,52.390939
2021-02-22,54.238072
2021-02-23,53.344264
2021-02-24,48.149766
2021-02-25,47.838874
2021-02-26,68.810954
2021-03-01,81.804195
2021-03-02,81.450792
2021-03-03,82.127821
2021-03-04,82.867364
2021-03-05,84.860071
2021-03-08,84.546904
2021-03-09,84.315198
2021-03-10,86.73444
2021-03-11,87.233806
2021-03-12,85.482962
2021-03-15,90.006316
2021-03-16,91.104798
2021-03-17,86.397368
2021-03-18,85.88928
2021-03-19,88.445523
2021-03-22,87.858738
2021-03-23,91.17756
2021-03-24,94.982104
2021-03-25,95.330561
2021-03-26,77.6793
2021-03-29,67.991718
2021-03-30,70.128303
2021-03-31,68.419526
2021-04-01,67.206908
2021-04-02,67.325212
2021-04-05,67.664186
2021-04-06,67.172363
2021-04-07,69.36767
2021-04-08,68.690381
2021-04-09,70.712167
2021-04-12,62.077456
2021-04-13,61.863432
2021-04-14,64.718662
2021-04-15,64.631506
2021-04-16,63.471917
2021-04-19,63.471917
2021-04-20,62.104157
2021-04-21,59.369051
2021-04-22,59.369051
2021-04-23,59.195661
2021-04-26,57.230559
2021-04-27,51.984309
2021-04-28,55.828685
2021-04-29,55.584644
2021-04-30,53.672692
2021-05-03,52.340283
2021-05-04,52.397268
2021-05-05,48.615787
2021-05-06,48.717985
2021-05-07,46.950366
2021-05-10,46.145422
2021-05-11,46.950366
2021-05-12,43.702342
2021-05-13,47.16879
2021-05-14,38.022154
2021-05-17,38.747767
2021-05-18,38.291541
2021-05-19,36.455019
2021-05-20,38.360753
2021-05-21,43.121859
2021-05-24,43.052599
2021-05-25,43.785722
2021-05-26,43.481757
2021-05-27,44.267726
2021-05-28,45.076777
2021-06-01,46.145422
2021-06-02,48.170421
2021-06-03,48.833552
2021-06-04,50.357877
2021-06-07,56.395969
2021-06-08,56.012499
2021-06-09,56.301818
2021-06-10,56.677481
2021-06-11,54.408978
2021-06-14,55.105354
2021-06-15,57.213175
2021-06-16,56.95178
2021-06-17,61.648665
2021-06-18,61.503273
2021-06-21,63.685742
2021-06-22,67.009269
2021-06-23,67.009269
2021-06-24,65.573743
2021-06-25,65.040635
2021-06-28,66.811045
2021-06-29,68.2254
2021-06-30,66.212815
2021-07-01,66.776296
2021-07-02,65.931783
2021-07-06,62.952614
2021-07-07,66.557454
2021-07-08,66.557454
2021-07-09,66.557454
2021-07-12,70.505543
2021-07-13,70.142487
2021-07-14,70.142487
2021-07-15,71.939448
2021-07-16,69.691954
2021-07-19,68.419526
2021-07-20,76.061748
2021-07-21,75.039148
2021-07-22,80.599595
2021-07-23,80.166472
2021-07-26,81.511833
2021-07-27,78.426969
2021-07-28,77.871149
2021-07-29,78.155917
2021-07-30,78.155917
2021-08-02,77.529757
2021-08-03,77.529757
2021-08-04,74.440227
2021-08-05,73.580032
2021-08-06,74.862189
2021-08-09,76.235922
2021-08-10,76.544105
2021-08-11,75.887174
2021-08-12,73.903778
2021-08-13,70.594841
2021-08-16,75.149535
2021-08-17,61.863432
2021-08-18,60.344014
2021-08-19,54.815768
2021-08-20,54.815768
2021-08-23,54.164661
2021-08-24,54.164661
2021-08-25,54.164661
2021-08-26,57.921635
2021-08-27,57.835702
2021-08-30,56.95178
2021-08-31,55.345518
2021-09-01,55.105354
2021-09-02,55.087299
2021-09-03,54.286957
2021-09-07,48.287298
2021-09-08,50.953539
2021-09-09,51.10948
2021-09-10,53.986841
2021-09-13,56.998338
2021-09-14,51.400594
2021-09-15,53.499434
2021-09-16,54.475972
2021-09-17,55.297568
2021-09-20,54.573273
2021-09-21,59.145227
2021-09-22,59.26284
2021-09-23,57.87582
2021-09-24,62.678125
2021-09-27,65.60913
2021-09-28,64.178452
2021-09-29,65.73031
2021-09-30,65.73031
2021-10-01,67.44331
2021-10-04,68.998627
2021-10-05,68.055086
2021-10-06,68.055086
2021-10-07,66.935004
2021-10-08,64.616113
2021-10-12,63.518916
2021-10-13,63.518916
2021-10-14,61.243947
2021-10-15,63.805378
2021-10-18,66.93005
2021-10-19,66.73656
2021-10-20,63.309765
2021-10-21,63.581527
2021-10-22,62.994737
2021-10-25,58.241331
2021-10-26,56.484092
2021-10-27,56.85855
2021-10-28,63.078898
2021-10-29,63.893662
2021-11-01,63.346416
2021-11-02,62.12551
2021-11-03,62.715145
2021-11-04,61.825902
2021-11-05,66.954816
2021-11-08,69.915212
2021-11-09,72.746134
2021-11-10,74.328786
2021-11-12,82.727199
2021-11-15,81.613466
2021-11-16,79.722677
2021-11-17,79.722677
2021-11-18,77.40563
2021-11-19,77.444173
2021-11-22,78.126214
2021-11-23,85.140936
2021-11-24,86.070534
2021-11-26,86.715324
2021-11-29,99.082741
2021-11-30,99.586778
2021-12-01,104.210718
2021-12-02,103.376929
2021-12-03,103.444264
2021-12-06,106.036985
2021-12-07,108.586129
2021-12-08,106.461409
2021-12-09,105.233425
2021-12-10,104.194807
2021-12-13,97.504008
2021-12-14,99.015788
2021-12-15,97.241804
2021-12-16,98.2088
2021-12-17,98.2088
2021-12-20,98.518927
2021-12-21,97.785856
2021-12-22,93.543404
2021-12-23,91.912831
2021-12-27,93.291394
2021-12-28,74.100927
2021-12-29,72.7051
2021-12-30,67.820817
2021-12-31,68.998627
2022-01-03,68.984209
2022-01-04,69.36767
2022-01-05,65.203568
2022-01-06,65.203568
2022-01-07,64.425967
2022-01-10,62.926273
2022-01-11,62.338634
2022-01-12,58.332351
2022-01-13,59.061075
2022-01-14,61.863432
2022-01-18,64.348721
2022-01-19,66.776296
2022-01-20,70.430257
2022-01-21,69.839289
2022-01-24,76.993301
2022-01-25,76.544105
2022-01-26,75.782236
2022-01-27,78.211051
2022-01-28,79.138253
2022-01-31,79.138253
2022-02-01,78.999867
2022-02-02,70.411423
2022-02-03,71.25403
2022-02-04,70.51965
2022-02-07,79.622795
2022-02-08,79.556137
2022-02-09,80.269808
2022-02-10,79.701879
2022-02-11,84.232573
2022-02-14,93.40506
2022-02-15,91.699739
2022-02-16,89.637163
2022-02-17,88.460518
2022-02-18,91.858702
2022-02-22,88.651476
2022-02-23,88.681393
2022-02-24,89.574256
2022-02-25,87.779448
2022-02-28,86.120601
2022-03-01,100.250476
2022-03-02,107.823101
2022-03-03,119.114496
2022-03-04,118.503298
2022-03-07,125.462009
2022-03-08,119.336984
2022-03-09,123.29733
2022-03-10,125.936826
2022-03-11,126.535703
2022-03-14,122.452698
2022-03-15,125.197444
2022-03-16,123.852756
2022-03-17,122.325364
2022-03-18,121.909932
2022-03-21,121.909932
2022-03-22,134.008641
2022-03-23,134.758732
2022-03-24,137.359038
2022-03-25,136.25626
2022-03-28,142.775385
2022-03-29,130.1195
2022-03-30,123.014633
2022-03-31,120.729232
2022-04-01,121.999655
2022-04-04,110.56815
2022-04-05,110.535158
2022-04-06,113.705437
2022-04-07,113.223254
2022-04-08,113.354962
2022-04-11,113.588732
2022-04-12,107.650751
2022-04-13,113.457295
2022-04-14,114.643475
2022-04-18,120.26694
2022-04-19,115.450468
2022-04-20,103.70997
2022-04-21,110.135467
2022-04-22,105.914961
2022-04-25,106.377283
2022-04-26,105.585735
2022-04-27,106.735137
2022-04-28,104.474474
2022-04-29,100.068398
2022-05-02,98.029695
2022-05-03,100.267012
2022-05-04,101.825702
2022-05-05,98.326898
2022-05-06,103.213218
2022-05-09,104.172529
2022-05-10,108.191497
2022-05-11,109.498378
2022-05-12,110.520158
2022-05-13,113.670438
2022-05-16,108.708204
2022-05-17,110.255827
2022-05-18,112.353062
2022-05-19,113.378361
2022-05-20,113.319855
2022-05-23,115.096664
2022-05-24,114.45822
2022-05-25,119.29252
2022-05-26,117.815779
2022-05-27,117.163853
2022-05-31,115.954846
2022-06-01,117.231754
2022-06-02,122.018678
2022-06-03,121.386594
2022-06-06,113.947218
2022-06-07,114.865963
2022-06-08,114.156541
2022-06-09,113.612082
2022-06-10,109.410526
2022-06-13,111.357036
2022-06-14,143.888114
2022-06-15,141.562595
2022-06-16,154.156619
2022-06-17,151.080216
2022-06-21,150.023051
2022-06-22,147.508894
2022-06-23,158.619704
2022-06-24,156.071947
2022-06-27,155.955054
2022-06-28,156.801081
2022-06-29,156.566179
2022-06-30,158.818168
2022-07-01,162.673454
2022-07-05,166.541033
2022-07-06,166.978473
2022-07-07,169.373987
2022-07-08,170.684473
2022-07-11,172.141068
2022-07-12,175.934348
2022-07-13,171.010526
2022-07-14,132.755731
2022-07-15,131.941494
2022-07-18,122.206038
2022-07-19,122.898675
2022-07-20,124.953549
2022-07-21,123.100857
2022-07-22,120.33309
2022-07-25,127.142191
2022-07-26,127.142191
2022-07-27,123.23008
2022-07-28,123.060447
2022-07-29,123.060447
2022-08-01,117.387214
2022-08-02,114.981371
2022-08-03,127.337637
2022-08-04,120.126249
2022-08-05,116.00059
2022-08-08,125.957888
2022-08-09,123.060447
2022-08-10,123.673254
2022-08-11,122.777205
2022-08-12,125.997368
2022-08-15,125.997368
2022-08-16,126.291767
2022-08-17,125.258344
2022-08-18,127.712053
2022-08-19,119.270281
2022-08-22,112.541782
2022-08-23,112.9447
2022-08-24,112.909465
2022-08-25,112.988728
2022-08-26,110.44813
2022-08-29,110.014975
2022-08-30,106.850018
2022-08-31,96.848878
2022-09-01,96.065109
2022-09-02,97.163346
2022-09-06,90.86792
2022-09-07,94.070075
2022-09-08,99.106163
2022-09-09,97.785856
2022-09-12,94.982104
2022-09-13,93.031574
2022-09-14,88.80096
2022-09-15,90.017367
2022-09-16,88.849488
2022-09-19,88.351749
2022-09-20,84.389885
2022-09-21,86.19757
2022-09-22,91.569473
2022-09-23,108.583075
2022-09-26,101.855005
2022-09-27,115.579638
2022-09-28,116.069172
2022-09-29,155.151437
2022-09-30,155.151437
2022-10-03,153.068715
2022-10-04,164.431173
2022-10-05,161.353388
2022-10-06,164.689085
2022-10-07,165.462414
2022-10-11,165.822734
2022-10-12,165.822734
2022-10-13,166.451415
2022-10-14,166.381679
2022-10-17,166.323876
2022-10-18,166.036553
2022-10-19,166.525105
2022-10-20,169.593104
2022-10-21,168.021709
2022-10-24,159.285146
2022-10-25,158.795201
2022-10-26,158.653147
2022-10-27,157.67832
2022-10-28,130.661153
2022-10-31,131.420258
2022-11-01,132.041979
2022-11-02,116.53958
2022-11-03,113.588732
2022-11-04,105.286976
2022-11-07,103.662001
2022-11-08,103.171446
2022-11-09,108.216012
2022-11-10,108.216012
2022-11-14,152.686986
2022-11-15,154.029662
2022-11-16,155.869986
2022-11-17,161.486907
2022-11-18,158.182207
2022-11-21,154.15877
2022-11-22,154.502529
2022-11-23,153.863815
2022-11-25,146.986466
2022-11-28,146.274148
2022-11-29,144.694706
2022-11-30,144.694706
2022-12-01,141.602409
2022-12-02,148.835904
2022-12-05,147.346959
2022-12-06,151.485695
2022-12-07,151.485695
2022-12-08,149.449516
2022-12-09,152.70653
2022-12-12,158.818168
2022-12-13,123.337662
2022-12-14,124.280371
2022-12-15,122.149046
2022-12-16,115.312527
2022-12-19,109.434768
2022-12-20,113.410526
2022-12-21,122.650209
2022-12-22,120.390942
2022-12-23,119.195196
2022-12-27,122.127328
2022-12-28,125.934193
2022-12-29,125.025176
2022-12-30,123.595478
2023-01-03,109.362026
2023-01-04,115.211841
2023-01-05,118.287651
2023-01-06,112.956442
2023-01-09,123.423661
2023-01-10,122.08388
2023-01-11,121.181551
2023-01-12,122.885184
2023-01-13,123.973172
2023-01-17,125.842006
2023-01-18,125.152412
2023-01-19,137.185123
2023-01-20,132.905507
2023-01-23,129.424516
2023-01-24,130.661153
2023-01-25,131.961597
2023-01-26,127.670505
2023-01-27,122.842004
2023-01-30,122.27114
2023-01-31,122.790708
2023-02-01,120.523071
2023-02-02,124.464326
2023-02-03,121.16787
2023-02-06,131.198042
2023-02-07,123.759019
2023-02-08,124.048038
2023-02-09,121.97791
2023-02-10,119.714265
2023-02-13,113.363737
2023-02-14,112.753714
2023-02-15,113.144156
2023-02-16,93.362452
2023-02-17,93.883074
2023-02-21,93.006621
2023-02-22,101.093651
2023-02-23,97.758726
2023-02-24,100.913094
2023-02-27,102.374545
2023-02-28,104.032384
2023-03-01,104.194807
2023-03-02,105.485195
2023-03-03,89.277627
2023-03-06,102.785059
2023-03-07,95.646553
2023-03-08,91.714201
2023-03-09,91.333801
2023-03-10,92.204578
2023-03-13,126.081553
2023-03-14,134.154546
2023-03-15,138.620573
2023-03-16,143.94341
2023-03-17,144.474547
2023-03-20,152.721728
2023-03-21,156.885644
2023-03-22,155.674154
2023-03-23,159.068506
2023-03-24,161.190962
2023-03-27,157.594182
2023-03-28,169.843178
2023-03-29,170.295502
2023-03-30,166.142361
2023-03-31,162.565388
2023-04-03,160.446646
2023-04-04,160.14878
2023-04-05,161.059257
2023-04-06,160.440446
2023-04-07,160.760463
2023-04-10,147.975709
2023-04-11,139.545578
2023-04-12,135.237685
2023-04-13,127.776944
2023-04-14,127.254283
2023-04-17,113.923936
2023-04-18,113.923936
2023-04-19,105.986941
2023-04-20,97.911238
2023-04-21,93.077896
2023-04-24,93.344692
2023-04-25,79.368362
2023-04-26,89.485371
2023-04-27,89.962097
2023-04-28,97.435971
2023-05-01,99.550146
2023-05-02,111.371923
2023-05-03,121.058359
2023-05-04,121.705771
2023-05-05,121.801089
2023-05-08,120.112447
2023-05-09,123.122404
2023-05-10,123.017329
2023-05-11,128.336236
2023-05-12,128.253532
2023-05-15,128.253532
2023-05-16,125.578241
2023-05-17,126.430842
2023-05-18,126.711151
2023-05-19,127.878108
2023-05-22,128.581451
2023-05-23,126.891582
2023-05-24,117.953604
2023-05-25,117.953604
2023-05-26,117.953604
2023-05-30,112.674286
2023-05-31,110.042097
2023-06-01,96.21686
2023-06-02,93.883074
2023-06-05,96.547125
2023-06-06,94.530697
2023-06-07,91.104798
2023-06-08,95.539025
2023-06-09,90.168264
2023-06-12,87.798334
2023-06-13,86.531588
2023-06-14,92.720974
2023-06-15,92.7746
2023-06-16,102.474901
2023-06-20,100.187613
2023-06-21,99.550146
2023-06-22,99.603424
2023-06-23,103.200367
2023-06-26,105.233425
2023-06-27,98.596306
2023-06-28,100.038572
2023-06-29,94.253186
2023-06-30,104.220263
2023-07-03,104.794536
2023-07-05,102.65594
2023-07-06,106.564139
2023-07-07,110.92743
2023-07-10,107.576802
2023-07-11,106.725817
2023-07-12,107.370093
2023-07-13,118.265224
2023-07-14,117.378739
2023-07-17,120.236609
2023-07-18,113.363737
2023-07-19,112.164025
2023-07-20,113.129502
2023-07-21,118.153023
2023-07-24,115.004439
2023-07-25,112.768417
2023-07-26,113.363737
2023-07-27,114.179775
2023-07-28,122.477066
2023-07-31,115.105306
2023-08-01,113.845324
2023-08-02,115.7946
2023-08-03,112.164025
2023-08-04,114.574039
2023-08-07,127.462564
2023-08-08,126.828853
2023-08-09,129.301484
2023-08-10,120.026839
2023-08-11,116.45704
2023-08-14,116.45704
2023-08-15,115.728721
2023-08-16,115.220475
2023-08-17,113.340335
2023-08-18,109.966741
2023-08-21,111.645492
2023-08-22,113.588732
2023-08-23,113.457295
2023-08-24,126.606435
2023-08-25,116.869158
2023-08-28,114.643475
2023-08-29,116.911708
2023-08-30,118.265224
2023-08-31,117.852361
2023-09-01,109.676894
2023-09-05,100.435525
2023-09-06,104.147062
2023-09-07,100.055143
2023-09-08,100.567495
2023-09-11,96.667253
2023-09-12,94.305941
2023-09-13,94.323519
2023-09-14,94.492105
2023-09-15,92.200982
2023-09-18,93.031574
2023-09-19,91.858702
2023-09-20,89.099176
2023-09-21,89.426065
2023-09-22,83.762823
2023-09-25,86.255252
2023-09-26,93.206054
2023-09-27,90.035782
2023-09-28,82.803318
2023-09-29,83.885448
2023-10-02,82.002567
2023-10-03,83.123054
2023-10-04,86.810865
2023-10-05,94.726921
2023-10-06,93.543404
2023-10-10,93.617812
2023-10-11,106.958575
2023-10-12,111.83244
2023-10-13,116.86632
2023-10-16,121.126815
2023-10-17,122.952622
2023-10-18,127.462564
2023-10-19,128.666521
2023-10-20,128.271628
2023-10-23,124.634708
2023-10-24,126.357388
2023-10-25,123.006547
2023-10-26,128.602079
2023-10-27,133.698994
2023-10-30,133.698994
2023-10-31,133.95667
2023-11-01,130.139884
2023-11-02,129.846549
2023-11-03,131.621947
2023-11-06,136.059004
2023-11-07,139.391044
2023-11-08,136.499393
2023-11-09,137.281769
2023-11-10,138.52486
2023-11-13,136.353565
2023-11-14,133.254327
2023-11-15,140.244786
2023-11-16,141.227252
2023-11-17,138.704267
2023-11-20,138.532041
2023-11-21,137.486918
2023-11-22,137.515856
2023-11-24,127.753587
2023-11-27,128.188882
2023-11-28,129.976719
2023-11-29,128.150076
2023-11-30,128.602079
2023-12-01,132.915486
2023-12-04,137.994851
2023-12-05,137.763986
2023-12-06,133.95667
2023-12-07,132.42563
2023-12-08,130.790511
2023-12-11,125.469938
2023-12-12,125.620481
2023-12-13,124.812828
2023-12-14,119.794561
2023-12-15,117.387214
2023-12-18,116.09488
2023-12-19,118.399724
2023-12-20,118.399724
2023-12-21,119.336984
2023-12-22,120.37717
2023-12-26,117.815779
2023-12-27,116.368742
2023-12-28,119.114496
2023-12-29,121.036445
2024-01-02,114.759107
2024-01-03,109.289235
2024-01-04,106.087005
2024-01-05,106.983373
2024-01-08,107.946039
2024-01-09,108.314017
2024-01-10,102.423116
2024-01-11,102.939788
2024-01-12,104.274335
2024-01-16,88.370512
2024-01-17,86.008873
2024-01-18,86.101348
2024-01-19,86.101348
2024-01-22,85.393701
2024-01-23,82.22466
2024-01-24,82.22466
2024-01-25,82.791304
2024-01-26,84.60963
2024-01-29,73.489849
2024-01-30,78.718151
2024-01-31,78.768682
2024-02-01,80.054718
2024-02-02,90.035782
2024-02-05,103.213218
2024-02-06,112.650741
2024-02-07,115.671404
2024-02-08,115.65707
2024-02-09,117.274173
2024-02-12,114.759107
2024-02-13,114.295876
2024-02-14,118.1895
2024-02-15,119.381432
2024-02-16,119.517451
2024-02-20,121.102175
2024-02-21,120.633067
2024-02-22,121.323751
2024-02-23,120.773167
2024-02-26,122.790708
2024-02-27,122.885184
2024-02-28,119.714265
2024-02-29,120.619323
2024-03-01,117.457809
2024-03-04,110.150519
2024-03-05,96.41997
2024-03-06,89.444602
2024-03-07,84.92647
2024-03-08,85.253801
2024-03-11,82.260946
2024-03-12,81.966168
2024-03-13,85.016221
2024-03-14,68.210819
2024-03-15,76.548437
2024-03-18,75.917753
2024-03-19,73.670104
2024-03-20,74.328786
2024-03-21,72.814472
2024-03-22,72.673169
2024-03-25,70.543156
2024-03-26,71.044315
2024-03-27,70.104659
2024-03-28,70.104659
2024-04-01,69.839289
2024-04-02,80.796821
2024-04-03,80.796821
2024-04-04,72.339332
2024-04-05,74.813452
2024-04-08,77.854115
2024-04-09,77.815774
2024-04-10,82.422021
2024-04-11,102.681777
2024-04-12,102.65594
2024-04-15,101.512613
2024-04-16,110.030044
2024-04-17,110.255827
2024-04-18,113.830761
2024-04-19,113.223254
2024-04-22,113.877358
2024-04-23,111.300447
2024-04-24,111.728619
2024-04-25,111.476077
2024-04-26,109.558924
2024-04-29,110.975246
2024-04-30,105.613994
2024-05-01,106.710282
2024-05-02,110.014975
2024-05-03,110.014975
2024-05-06,111.83244
2024-05-07,111.571219
2024-05-08,109.434768
2024-05-09,85.140936
2024-05-10,85.482962
2024-05-13,85.098086
2024-05-14,70.028941
2024-05-15,68.113528
2024-05-16,69.53477
2024-05-17,66.776296
2024-05-20,69.291148
2024-05-21,70.033676
2024-05-22,70.430257
2024-05-23,68.88801
2024-05-24,67.796367
2024-05-28,67.44331
2024-05-29,73.647596
2024-05-30,74.884332
2024-05-31,74.884332
2024-06-03,74.150132
2024-06-04,77.165373
2024-06-05,81.694682
2024-06-06,82.389831
2024-06-07,82.083398
2024-06-10,99.323395
2024-06-11,98.703863
2024-06-12,102.423116
2024-06-13,105.56375
2024-06-14,103.700378
2024-06-17,103.892049
2024-06-18,107.308311
2024-06-20,108.390522
2024-06-21,109.08577
2024-06-24,108.634975
2024-06-25,107.15989
2024-06-26,107.206294
2024-06-27,108.390522
2024-06-28,104.210718
2024-07-01,107.107275
2024-07-02,115.77169
2024-07-03,111.407644
2024-07-05,110.496154
2024-07-08,113.363737
2024-07-09,113.30815
2024-07-10,98.972245
2024-07-11,97.514209
2024-07-12,97.514209
2024-07-15,94.024241
2024-07-16,92.917451
2024-07-17,94.305941
2024-07-18,89.266485
2024-07-19,88.295437
2024-07-22,89.503896
2024-07-23,89.574256
2024-07-24,89.651959
2024-07-25,89.928919
2024-07-26,83.82218
2024-07-29,86.715324
2024-07-30,82.482343
2024-07-31,66.811045
2024-08-01,67.566108
2024-08-02,71.416716
2024-08-05,91.757575
2024-08-06,91.337431
2024-08-07,103.904815
2024-08-08,107.715415
2024-08-09,106.112006
2024-08-12,106.998869
2024-08-13,104.829335
2024-08-14,104.337913
2024-08-15,104.322022
2024-08-16,109.304404
2024-08-19,106.750669
2024-08-20,106.302448
2024-08-21,106.461409
2024-08-22,104.728069
2024-08-23,109.918487
2024-08-26,108.948902
2024-08-27,109.362026
2024-08-28,109.788697
2024-08-29,108.875835
2024-08-30,104.71857
2024-09-03,80.034006
2024-09-04,84.015788
2024-09-05,75.567537
2024-09-06,72.155753
2024-09-09,70.482025
2024-09-10,69.214541
2024-09-11,69.839289
2024-09-12,68.521222
2024-09-13,69.839289
2024-09-16,59.64209
2024-09-17,59.64209
2024-09-18,60.387956
2024-09-19,62.952614
2024-09-20,63.518916
2024-09-23,57.415659
2024-09-24,55.733577
2024-09-25,55.566745
2024-09-26,58.632845
2024-09-27,58.468615
2024-09-30,58.587586
2024-10-01,61.048729
2024-10-02,61.048729
2024-10-03,58.92618
2024-10-04,60.371482
2024-10-07,74.297553
2024-10-08,74.328786
2024-10-09,70.142487
2024-10-10,69.763284
2024-10-11,69.763284
2024-10-15,69.080274
2024-10-16,71.365626
2024-10-17,72.155753
2024-10-18,73.647596
2024-10-21,74.257376
2024-10-22,80.796821
2024-10-23,80.923941
2024-10-24,80.203688
2024-10-25,81.905465
2024-10-28,81.775817
2024-10-29,78.325434
2024-10-30,77.815774
2024-10-31,69.839289
2024-11-01,70.51965
2024-11-04,73.272958
2024-11-05,68.380745
2024-11-06,71.044315
2024-11-07,88.445523
2024-11-08,99.586778
2024-11-12,99.666655
2024-11-13,107.896881
2024-11-14,104.981051
2024-11-15,104.981051
2024-11-18,103.533976
2024-11-19,103.533976
2024-11-20,98.666904
2024-11-21,98.730734
2024-11-22,98.191917
2024-11-25,97.721409
2024-11-26,110.451132
2024-11-27,110.451132
2024-11-29,111.927279
2024-12-02,114.41186
2024-12-03,114.527726
2024-12-04,110.355025
2024-12-05,109.304404
2024-12-06,108.216012
2024-12-09,89.099176
2024-12-10,84.074967
2024-12-11,84.535138
2024-12-12,70.482025
2024-12-13,74.351087
2024-12-16,80.331746
2024-12-17,80.385388
2024-12-18,80.434871
2024-12-19,87.172968
2024-12-20,90.035782
2024-12-23,92.200982
2024-12-24,94.534204
2024-12-26,76.63502
2024-12-27,76.98038
2024-12-30,73.611569
2024-12-31,73.611569
2025-01-02,73.647596
2025-01-03,73.939662
2025-01-06,70.894807
2025-01-07,69.267217
2025-01-08,68.016097
2025-01-09,67.991718
2025-01-10,68.152461
2025-01-13,72.008552
2025-01-14,70.857381
2025-01-15,68.501863
2025-01-16,84.04341
2025-01-17,87.020687
2025-01-21,80.364761
2025-01-22,78.109235
2025-01-23,76.461755
2025-01-24,74.475853
2025-01-27,74.919747
2025-01-28,83.186854
2025-01-29,82.127821
2025-01-30,78.278854
2025-01-31,78.126214
2025-02-03,81.185752
2025-02-04,81.613466
2025-02-05,81.353032
2025-02-06,83.936818
2025-02-07,84.613549
2025-02-10,86.255252
2025-02-11,78.802351
2025-02-12,79.435177
2025-02-13,85.966456
2025-02-14,82.74323
2025-02-18,82.74323
2025-02-19,88.325475
2025-02-20,87.495684
2025-02-21,87.176771
2025-02-24,88.50174
2025-02-25,88.50174
2025-02-26,88.50174
2025-02-27,88.685132
2025-02-28,90.696254
2025-03-03,91.468027
2025-03-04,89.932606
2025-03-05,94.041872
2025-03-06,97.802809
2025-03-07,93.5753
2025-03-10,94.024241
2025-03-11,97.894304
2025-03-12,100.699292
2025-03-13,101.306622
2025-03-14,96.199628
2025-03-17,93.060082
2025-03-18,91.930866
2025-03-19,85.88928
2025-03-20,86.397368
2025-03-21,86.19757
2025-03-24,82.771276
2025-03-25,89.666751
2025-03-26,82.803318
2025-03-27,81.678445
2025-03-28,81.185752
2025-03-31,88.950193
2025-04-01,85.140936
2025-04-02,85.234352
2025-04-03,82.951349
2025-04-04,95.702005
2025-04-07,95.313168
2025-04-08,104.702737
2025-04-09,110.090298
2025-04-10,112.9447
2025-04-11,113.106052
2025-04-14,115.542337
2025-04-15,121.801089
2025-04-16,122.108321
2025-04-17,123.243533
2025-04-21,124.30438
2025-04-22,127.129151
2025-04-23,123.531074
2025-04-24,123.014633
2025-04-25,125.765571
2025-04-28,125.575601
2025-04-29,121.181551
2025-04-30,121.181551
2025-05-01,119.461952
2025-05-02,122.409365
2025-05-05,112.988728
2025-05-06,110.56815
2025-05-07,103.761112
2025-05-08,97.58559
2025-05-09,101.355705
2025-05-12,98.972245
2025-05-13,98.972245
2025-05-14,92.7746
2025-05-15,92.549162
2025-05-16,94.772414
2025-05-19,93.911324
2025-05-20,90.182972
2025-05-21,90.282189
2025-05-22,96.340842
2025-05-23,92.405741
2025-05-27,92.405741
2025-05-28,94.688409
2025-05-29,93.334035
2025-05-30,94.56226
2025-06-02,91.78648
2025-06-03,89.24791
2025-06-04,88.834559
2025-06-05,92.315991
2025-06-06,91.279328
2025-06-09,91.279328
2025-06-10,91.757575
2025-06-11,87.843641
2025-06-12,89.117781
2025-06-13,88.950193
2025-06-16,87.039737
2025-06-17,88.651476
2025-06-18,91.4499
2025-06-20,91.046547
2025-06-23,82.244821
2025-06-24,82.244821
2025-06-25,82.642986
2025-06-26,78.465011
2025-06-27,76.820844
2025-06-30,77.272723
2025-07-01,78.663373
2025-07-02,76.392339
2025-07-03,78.380449
2025-07-07,74.618186
2025-07-08,76.044308
2025-07-09,64.631506
2025-07-10,69.839289
2025-07-11,69.938921
2025-07-14,73.182397
2025-07-15,70.669952
2025-07-16,72.741576
2025-07-17,72.288894
2025-07-18,67.428559
2025-07-21,68.346794
2025-07-22,71.921009
2025-07-23,71.267989
2025-07-24,71.643856
2025-07-25,71.939448
2025-07-28,71.939448
2025-07-29,71.60219
2025-07-30,75.431391
2025-07-31,76.288097
2025-08-01,75.391819
2025-08-04,88.819628
2025-08-05,86.320578
2025-08-06,85.719248
2025-08-07,81.662205
2025-08-08,81.662205
2025-08-11,77.186855
2025-08-12,77.186855
2025-08-13,72.375992
2025-08-14,73.000937
2025-08-15,75.852211
2025-08-18,77.337061
2025-08-19,74.742505
2025-08-20,75.321417
2025-08-21,72.741576
2025-08-22,73.471799
2025-08-25,76.583082
2025-08-26,76.583082
2025-08-27,71.810276
2025-08-28,70.071542
2025-08-29,70.218081
2025-09-02,49.934694
2025-09-03,52.800718
2025-09-04,57.352098
2025-09-05,60.035516
2025-09-08,64.384781
2025-09-09,63.685742
2025-09-10,65.244237
2025-09-11,65.122152
2025-09-12,63.971457
2025-09-15,63.971457
2025-09-16,61.027
2025-09-17,60.393447
2025-09-18,60.852886
2025-09-19,64.718662
2025-09-22,63.805378
2025-09-23,59.947082
2025-09-24,59.753177
2025-09-25,61.911652
2025-09-26,62.253472
2025-09-29,62.42368
2025-09-30,64.616113
2025-10-01,61.675552
2025-10-02,59.730976
2025-10-03,57.646199
2025-10-06,53.095049
2025-10-07,52.086264
2025-10-08,53.796106
2025-10-09,51.625881
2025-10-10,50.007684
2025-10-14,57.921635
2025-10-15,58.247024
2025-10-16,58.604562
2025-10-17,61.863432
2025-10-20,59.947082
2025-10-21,58.74584
2025-10-22,58.559282
2025-10-23,58.013156
2025-10-24,58.013156
2025-10-27,57.490686
2025-10-28,56.531035
2025-10-29,54.652202
2025-10-30,64.616113
2025-10-31,64.219771
2025-11-03,63.805378
2025-11-04,63.288812
2025-11-05,61.243947
2025-11-06,64.999838
2025-11-07,68.501863
2025-11-10,68.380745
2025-11-12,60.151388
2025-11-13,62.630495
2025-11-14,63.099921
2025-11-17,59.145227
2025-11-18,58.830443
2025-11-19,58.360765
2025-11-20,57.554094
2025-11-21,58.785337
2025-11-24,59.592034
2025-11-25,60.041039
2025-11-26,60.940005
2025-11-28,60.607191
2025-12-01,51.271414
2025-12-02,56.395969
2025-12-03,56.395969
2025-12-04,56.718418
2025-12-05,58.830443
2025-12-08,54.085021
2025-12-09,50.489394
2025-12-10,50.535345
2025-12-11,53.52422
2025-12-12,50.226015
2025-12-15,52.118085
2025-12-16,51.400594
2025-12-17,52.498421
2025-12-18,52.422574
2025-12-19,54.378498
2025-12-22,55.015022
2025-12-23,52.643488
2025-12-24,51.7862
2025-12-26,51.7862
2025-12-29,51.7862
2025-12-30,52.397268
2025-12-31,46.886762
2026-01-02,48.717985
2026-01-05,46.999776
2026-01-06,44.929418
2026-01-07,43.884058
2026-01-08,43.974634
2026-01-09,46.202871
2026-01-12,42.431989
2026-01-13,42.431989
2026-01-14,38.704957
2026-01-15,39.985919
2026-01-16,39.190224
2026-01-20,46.181336
2026-01-21,47.175819
2026-01-22,48.724791
2026-01-23,48.717985
2026-01-26,49.427459
2026-01-27,48.663506
2026-01-28,48.724791
2026-01-29,48.067058
2026-01-30,48.724791
2026-02-02,47.316182
2026-02-03,48.177304
2026-02-04,47.616561
2026-02-05,47.616561
2026-02-06,55.255578
2026-02-09,53.592321
2026-02-10,53.425009
2026-02-11,57.646199
2026-02-12,58.041727
2026-02-13,65.573743
2026-02-17,67.009269
2026-02-18,61.043298
2026-02-19,58.377808
2026-02-20,57.328968
2026-02-23,57.328968
2026-02-24,59.05546
2026-02-25,59.374636
2026-02-26,58.830443
2026-02-27,58.178672
2026-03-02,59.680994
2026-03-03,67.44331
2026-03-04,66.212815
2026-03-05,67.835482
2026-03-06,69.787044
2026-03-09,64.96412
2026-03-10,65.452273
2026-03-11,66.612232
2026-03-12,66.731591
2026-03-13,69.572908
2026-03-16,59.947082
2026-03-17,59.947082
2026-03-18,61.562548
2026-03-19,63.346416
2026-03-20,63.346416
2026-03-23,78.528372
2026-03-24,78.528372
2026-03-25,79.435177
2026-03-26,84.063134
2026-03-27,86.489427
2026-03-30,82.450176
2026-03-31,88.834559
2026-04-01,91.78648
2026-04-02,91.78648
2026-04-03,91.82982
2026-04-06,92.420094
2026-04-07,91.5405
2026-04-08,91.5405
2026-04-09,91.031978
2026-04-10,88.595355
2026-04-13,88.80096
2026-04-14,86.837598
2026-04-15,87.419858
2026-04-16,85.451926
2026-04-17,85.9163
2026-04-20,71.971705
2026-04-21,70.128303
2026-04-22,69.190583
2026-04-23,66.0122
2026-04-24,58.813532
2026-04-27,58.785337
2026-04-28,52.016192
2026-04-29,48.615787
2026-04-30,51.882154
2026-05-01,51.882154
2026-05-04,50.357877
2026-05-05,54.134044
2026-05-06,54.627928
2026-05-07,58.785337
2026-05-08,61.027
2026-05-11,62.077456
2026-05-12,63.162947
2026-05-13,61.804445
2026-05-14,61.433147
2026-05-15,60.912794
2026-05-18,67.600452
2026-05-19,67.325212
2026-05-20,68.574431
2026-05-21,80.331746
2026-05-22,79.834895
2026-05-26,78.764472
2026-05-27,82.063198
2026-05-28,82.630949
2026-05-29,80.989473
2026-06-01,80.595481
2026-06-02,80.681831
2026-06-03,78.020038
2026-06-04,78.295795
2026-06-05,74.006899
2026-06-08,77.100891
2026-06-09,75.852211
2026-06-10,76.12711
2026-06-11,75.250949
2026-06-12,83.917064
2026-06-15,84.546904
2026-06-16,71.810276
2026-06-17,72.08679
2026-06-18,72.08679
2026-06-22,64.219771
2026-06-23,67.172363
2026-06-24,67.172363
2026-06-25,71.267989
2026-06-26,71.067648
2026-06-29,70.669952
2026-06-30,70.669952
2026-07-01,73.791527
2026-07-02,75.149535
2026-07-06,74.458042
2026-07-07,74.185897
2026-07-08,72.837237
2026-07-09,72.837237
2026-07-10,72.375992
2026-07-13,72.375992
2026-07-14,64.795468
2026-07-15,66.457743
2026-07-16,67.428559
2026-07-17,65.573743
2026-07-20,63.099921
2026-07-21,63.935165
2026-07-22,62.529824
2026-07-23,63.346416
2026-07-24,52.397268
2026-07-27,53.144985
2026-07-28,55.297568
2026-07-29,58.332351
2026-07-30,58.332351
2026-07-31,57.352098
2026-08-03,61.178944
2026-08-04,64.718662
2026-08-05,66.835855
2026-08-06,66.811045
2026-08-07,69.075474
2026-08-10,70.894807
2026-08-11,72.013157
2026-08-12,70.693408
2026-08-13,70.104659
2026-08-14,72.673169
2026-08-17,73.971047
2026-08-18,73.272958
2026-08-19,72.910038
2026-08-20,74.972837
2026-08-21,74.972837
